{
  "resource": {
    "resourceType": "Organization",
    "id": "0a93fc04-a34a-5093-bc74-2f55317f0a07",
    "name": "Alteon Health",
    "endpoint": [
      {
        "reference": "Endpoint/27a4e967-47aa-5a9c-a572-b8297ee268a2"
      },
      {
        "reference": "Endpoint/a2f01448-f091-516a-bd6b-ad9899c8644f"
      }
    ],
    "identifier": [
      {
        "system": "http://hl7.org/fhir/sid/us-npi",
        "value": "1447802152"
      },
      {
        "system": "http://hl7.org/fhir/sid/us-npi",
        "value": "1073059523"
      },
      {
        "system": "http://hl7.org/fhir/sid/us-npi",
        "value": "1962821223"
      },
      {
        "system": "http://hl7.org/fhir/sid/us-npi",
        "value": "1740715507"
      },
      {
        "system": "http://hl7.org/fhir/sid/us-npi",
        "value": "1093756314"
      },
      {
        "system": "http://hl7.org/fhir/sid/us-npi",
        "value": "1063608701"
      },
      {
        "system": "http://hl7.org/fhir/sid/us-npi",
        "value": "1467883934"
      },
      {
        "system": "http://hl7.org/fhir/sid/us-npi",
        "value": "1609334911"
      },
      {
        "system": "http://hl7.org/fhir/sid/us-npi",
        "value": "1740529700"
      },
      {
        "system": "http://hl7.org/fhir/sid/us-npi",
        "value": "1134117393"
      },
      {
        "system": "http://hl7.org/fhir/sid/us-npi",
        "value": "1841225091"
      },
      {
        "system": "http://hl7.org/fhir/sid/us-npi",
        "value": "1508288531"
      },
      {
        "system": "http://hl7.org/fhir/sid/us-npi",
        "value": "1538515135"
      },
      {
        "system": "http://hl7.org/fhir/sid/us-npi",
        "value": "1003869652"
      },
      {
        "system": "http://hl7.org/fhir/sid/us-npi",
        "value": "1972555944"
      },
      {
        "system": "http://hl7.org/fhir/sid/us-npi",
        "value": "1164455853"
      },
      {
        "system": "http://hl7.org/fhir/sid/us-npi",
        "value": "1285284091"
      },
      {
        "system": "http://hl7.org/fhir/sid/us-npi",
        "value": "1215307194"
      },
      {
        "system": "http://hl7.org/fhir/sid/us-npi",
        "value": "1205888237"
      },
      {
        "system": "http://hl7.org/fhir/sid/us-npi",
        "value": "1841242997"
      },
      {
        "system": "http://hl7.org/fhir/sid/us-npi",
        "value": "1295080869"
      },
      {
        "system": "http://hl7.org/fhir/sid/us-npi",
        "value": "1235172925"
      },
      {
        "system": "http://hl7.org/fhir/sid/us-npi",
        "value": "1912988395"
      },
      {
        "system": "http://hl7.org/fhir/sid/us-npi",
        "value": "1144697129"
      },
      {
        "system": "http://hl7.org/fhir/sid/us-npi",
        "value": "1558762393"
      },
      {
        "system": "http://hl7.org/fhir/sid/us-npi",
        "value": "1962067165"
      },
      {
        "system": "http://hl7.org/fhir/sid/us-npi",
        "value": "1477708857"
      },
      {
        "system": "http://hl7.org/fhir/sid/us-npi",
        "value": "1477962199"
      },
      {
        "system": "http://hl7.org/fhir/sid/us-npi",
        "value": "1063831295"
      },
      {
        "system": "http://hl7.org/fhir/sid/us-npi",
        "value": "1407305295"
      },
      {
        "system": "http://hl7.org/fhir/sid/us-npi",
        "value": "1801287511"
      },
      {
        "system": "http://hl7.org/fhir/sid/us-npi",
        "value": "1568414613"
      },
      {
        "system": "http://hl7.org/fhir/sid/us-npi",
        "value": "1033454483"
      },
      {
        "system": "http://hl7.org/fhir/sid/us-npi",
        "value": "1619490778"
      },
      {
        "system": "http://hl7.org/fhir/sid/us-npi",
        "value": "1760434781"
      },
      {
        "system": "http://hl7.org/fhir/sid/us-npi",
        "value": "1639160385"
      },
      {
        "system": "http://hl7.org/fhir/sid/us-npi",
        "value": "1457636706"
      },
      {
        "system": "http://hl7.org/fhir/sid/us-npi",
        "value": "1730482449"
      },
      {
        "system": "http://hl7.org/fhir/sid/us-npi",
        "value": "1932152584"
      },
      {
        "system": "http://hl7.org/fhir/sid/us-npi",
        "value": "1922460542"
      },
      {
        "system": "http://hl7.org/fhir/sid/us-npi",
        "value": "1275059982"
      },
      {
        "system": "http://hl7.org/fhir/sid/us-npi",
        "value": "1356507099"
      },
      {
        "system": "http://hl7.org/fhir/sid/us-npi",
        "value": "1902859556"
      },
      {
        "system": "http://hl7.org/fhir/sid/us-npi",
        "value": "1154749158"
      },
      {
        "system": "http://hl7.org/fhir/sid/us-npi",
        "value": "1346292364"
      },
      {
        "system": "http://hl7.org/fhir/sid/us-npi",
        "value": "1245674076"
      },
      {
        "system": "http://hl7.org/fhir/sid/us-npi",
        "value": "1689919029"
      },
      {
        "system": "http://hl7.org/fhir/sid/us-npi",
        "value": "1104097666"
      },
      {
        "system": "http://hl7.org/fhir/sid/us-npi",
        "value": "1952873986"
      }
    ],
    "address": [
      {
        "line": [
          "727 North Beers Street"
        ],
        "city": "Holmdel",
        "state": "NJ",
        "postalCode": "07733-1514"
      },
      {
        "line": [
          "150 200 W"
        ],
        "city": "MALAD CITY",
        "state": "ID",
        "postalCode": "83252-1239"
      },
      {
        "line": [
          "155 5th Street Northeast"
        ],
        "city": "Barberton",
        "state": "OH",
        "postalCode": "44203-3332"
      },
      {
        "line": [
          "2898 US Highway 50 East"
        ],
        "city": "CARSON CITY",
        "state": "NV",
        "postalCode": "89701-2811"
      },
      {
        "line": [
          "2380 North 400 East"
        ],
        "city": "Logan",
        "state": "UT",
        "postalCode": "84341-1749"
      },
      {
        "line": [
          "3999 Richmond Road"
        ],
        "city": "BEACHWOOD",
        "state": "OH",
        "postalCode": "44122-6046"
      },
      {
        "line": [
          "1050 East South Temple"
        ],
        "city": "SALT LAKE CITY",
        "state": "UT",
        "postalCode": "84102-1507"
      },
      {
        "line": [
          "6355 Walker Lane"
        ],
        "city": "Alexandria",
        "state": "VA",
        "postalCode": "22310-3238"
      },
      {
        "line": [
          "750 West 800 North"
        ],
        "city": "Orem",
        "state": "UT",
        "postalCode": "84057-3660"
      },
      {
        "line": [
          "24440 Stone Springs Boulevard"
        ],
        "city": "Sterling",
        "state": "VA",
        "postalCode": "20166-9356"
      },
      {
        "line": [
          "1871 Midland Trail"
        ],
        "city": "SHELBYVILLE",
        "state": "KY",
        "postalCode": "40065-9111"
      },
      {
        "line": [
          "8616 West 10th Street"
        ],
        "city": "INDIANAPOLIS",
        "state": "IN",
        "postalCode": "46234-2167"
      },
      {
        "line": [
          "5323 Murray Boulevard"
        ],
        "city": "SALT LAKE CITY",
        "state": "UT",
        "postalCode": "84123-6973"
      },
      {
        "line": [
          "3111 Channing Way"
        ],
        "city": "IDAHO FALLS",
        "state": "ID",
        "postalCode": "83403-7534"
      },
      {
        "line": [
          "200 East Market Street"
        ],
        "city": "AKRON",
        "state": "OH",
        "postalCode": "44309-2122"
      },
      {
        "line": [
          "2055 North Main Street"
        ],
        "city": "Tooele",
        "state": "UT",
        "postalCode": "84074-9819"
      },
      {
        "line": [
          "11890 Healing Way"
        ],
        "city": "Silver Spring",
        "state": "MD",
        "postalCode": "20904-7917"
      },
      {
        "line": [
          "1001 East Springhill Drive"
        ],
        "city": "TERRE HAUTE",
        "state": "IN",
        "postalCode": "47802-4547"
      },
      {
        "line": [
          "24613 Broadway Ave"
        ],
        "city": "OAKWOOD VILLAGE",
        "state": "OH",
        "postalCode": "44146-6338"
      },
      {
        "line": [
          "3640 Central Ave"
        ],
        "city": "INDIANAPOLIS",
        "state": "IN",
        "postalCode": "46205-3569"
      },
      {
        "line": [
          "7001 Hoover Rd"
        ],
        "city": "Indianapolis",
        "state": "IN",
        "postalCode": "46260-4169"
      },
      {
        "line": [
          "3640 CENTRAL AVE"
        ],
        "city": "INDIANAPOLIS",
        "state": "IN",
        "postalCode": "46205-3569"
      },
      {
        "line": [
          "868 South Washington Street"
        ],
        "city": "Morristown",
        "state": "IN",
        "postalCode": "46161-9633"
      },
      {
        "line": [
          "200 Meadow Lakes Drive"
        ],
        "city": "Mooresville",
        "state": "IN",
        "postalCode": "46158-1837"
      },
      {
        "line": [
          "4401 Union Street"
        ],
        "city": "JOHNSTOWN",
        "state": "CO",
        "postalCode": "80534-2800"
      },
      {
        "line": [
          "3909 S 25th E"
        ],
        "city": "IDAHO FALLS",
        "state": "ID",
        "postalCode": "83404-7005"
      },
      {
        "line": [
          "160 N 200 E"
        ],
        "city": "IVINS",
        "state": "UT",
        "postalCode": "84738-6100"
      },
      {
        "line": [
          "451E Bishop Federal Lane"
        ],
        "city": "SALT LAKE CITY",
        "state": "UT",
        "postalCode": "84115-2357"
      },
      {
        "line": [
          "1850 Town Center Parkway"
        ],
        "city": "Reston",
        "state": "VA",
        "postalCode": "20190-3219"
      },
      {
        "line": [
          "11900 Fairhill Rd"
        ],
        "city": "CLEVELAND",
        "state": "OH",
        "postalCode": "44120-1062"
      },
      {
        "line": [
          "7630 East 86th Street"
        ],
        "city": "Indianapolis",
        "state": "IN",
        "postalCode": "46256-1212"
      },
      {
        "line": [
          "1102 North Pine Road"
        ],
        "city": "Olla",
        "state": "LA",
        "postalCode": "71465-4804"
      },
      {
        "line": [
          "100 Fairview Drive"
        ],
        "city": "FRANKLIN",
        "state": "VA",
        "postalCode": "23851-1238"
      },
      {
        "line": [
          "1701 N George Mason Drive"
        ],
        "city": "Arlington",
        "state": "VA",
        "postalCode": "22205-3610"
      },
      {
        "line": [
          "7300 WOODSPOINT DR"
        ],
        "city": "FLORENCE",
        "state": "KY",
        "postalCode": "41042-1543"
      },
      {
        "line": [
          "3620 Potomac Way"
        ],
        "city": "IDAHO FALLS",
        "state": "ID",
        "postalCode": "83404-8286"
      },
      {
        "line": [
          "200 Meadow Lakes Drive"
        ],
        "city": "MOORESVILLE",
        "state": "IN",
        "postalCode": "46158-1837"
      },
      {
        "line": [
          "575 East 1400 South"
        ],
        "city": "OREM",
        "state": "UT",
        "postalCode": "84097-7707"
      },
      {
        "line": [
          "225 Saint John Road"
        ],
        "city": "ELIZABETHTOWN",
        "state": "KY",
        "postalCode": "42701-2918"
      },
      {
        "line": [
          "10301 Coneflower Lane"
        ],
        "city": "PROSPECT",
        "state": "KY",
        "postalCode": "40059-8355"
      },
      {
        "line": [
          "1950 First Street"
        ],
        "city": "IDAHO FALLS",
        "state": "ID",
        "postalCode": "83401-4342"
      },
      {
        "line": [
          "3706 West 9000 South"
        ],
        "city": "West Jordan",
        "state": "UT",
        "postalCode": "84088-8813"
      },
      {
        "line": [
          "5648 South Adams Avenue Parkway"
        ],
        "city": "OGDEN",
        "state": "UT",
        "postalCode": "84405-7230"
      },
      {
        "line": [
          "610 N. Bridge Street"
        ],
        "city": "SAINT ANTHONY",
        "state": "ID",
        "postalCode": "83445-5400"
      },
      {
        "line": [
          "1044 Belmont Avenue"
        ],
        "city": "Youngstown",
        "state": "OH",
        "postalCode": "44501-1806"
      },
      {
        "line": [
          "18101 Prince Philip Dr"
        ],
        "city": "Olney",
        "state": "MD",
        "postalCode": "20832-1514"
      },
      {
        "line": [
          "630 East Medical Drive"
        ],
        "city": "Bountiful",
        "state": "UT",
        "postalCode": "84010-4908"
      },
      {
        "line": [
          "6252 Mahoning Avenue"
        ],
        "city": "YOUNGSTOWN",
        "state": "OH",
        "postalCode": "44515-2003"
      },
      {
        "line": [
          "815 South 200 West"
        ],
        "city": "Brigham City",
        "state": "UT",
        "postalCode": "84302-3333"
      },
      {
        "line": [
          "1000 East 100 North"
        ],
        "city": "PAYSON",
        "state": "UT",
        "postalCode": "84651-1600"
      },
      {
        "line": [
          "525 East Market Street"
        ],
        "city": "Akron",
        "state": "OH",
        "postalCode": "44304-1619"
      },
      {
        "line": [
          "3999 Richmond Road"
        ],
        "city": "Beachwood",
        "state": "OH",
        "postalCode": "44122-6046"
      },
      {
        "line": [
          "165 South 1000 East"
        ],
        "city": "Salt Lake City",
        "state": "UT",
        "postalCode": "84102-1402"
      },
      {
        "line": [
          "24440 Stone Springs Boulevard"
        ],
        "city": "Dulles",
        "state": "VA",
        "postalCode": "20166-9356"
      },
      {
        "line": [
          "701 S. Main Street"
        ],
        "city": "SUMMITVILLE",
        "state": "IN",
        "postalCode": "46070-8901"
      },
      {
        "line": [
          "3050 North Ormsby Boulevard"
        ],
        "city": "Carson City",
        "state": "NV",
        "postalCode": "89703-8378"
      },
      {
        "line": [
          "11890 Healing Way"
        ],
        "city": "SILVER SPRING",
        "state": "MD",
        "postalCode": "20904-7917"
      },
      {
        "line": [
          "1000 East 100 North"
        ],
        "city": "Payson",
        "state": "UT",
        "postalCode": "84651-1600"
      },
      {
        "line": [
          "107 Thruway Drive"
        ],
        "city": "BARDSTOWN",
        "state": "KY",
        "postalCode": "40004-6795"
      },
      {
        "line": [
          "4600 Bowling Boulevard"
        ],
        "city": "LOUISVILLE",
        "state": "KY",
        "postalCode": "40207-5155"
      },
      {
        "line": [
          "868 South Washington Street"
        ],
        "city": "MORRISTOWN",
        "state": "IN",
        "postalCode": "46161-9633"
      },
      {
        "line": [
          "3999 Richmand Road"
        ],
        "city": "Beachwood",
        "state": "OH",
        "postalCode": "44122-6046"
      },
      {
        "line": [
          "4090 West Pioneer Parkway"
        ],
        "city": "WEST VALLEY CITY",
        "state": "UT",
        "postalCode": "84120-2060"
      },
      {
        "line": [
          "9730 PRAIRIE LAKES BLVD E"
        ],
        "city": "NOBLESVILLE",
        "state": "IN",
        "postalCode": "46060-4766"
      },
      {
        "line": [
          "5226 East 82nd Street"
        ],
        "city": "Indianapolis",
        "state": "IN",
        "postalCode": "46250-1628"
      },
      {
        "line": [
          "101 Harris road"
        ],
        "city": "KILMARNOCK",
        "state": "VA",
        "postalCode": "22482-3880"
      },
      {
        "line": [
          "20265 Emery Rd"
        ],
        "city": "CLEVELAND",
        "state": "OH",
        "postalCode": "44128-4122"
      },
      {
        "line": [
          "525 East Market Street"
        ],
        "city": "AKRON",
        "state": "OH",
        "postalCode": "44304-1619"
      },
      {
        "line": [
          "1206 11th Street"
        ],
        "city": "CARROLLTON",
        "state": "KY",
        "postalCode": "41008-9704"
      },
      {
        "line": [
          "619 Northwest Ave"
        ],
        "city": "TALLMADGE",
        "state": "OH",
        "postalCode": "44278-1203"
      },
      {
        "line": [
          "5419 North Lovington Highway"
        ],
        "city": "HOBBS",
        "state": "NM",
        "postalCode": "88240-9131"
      },
      {
        "line": [
          "2116 Buechel Bank Rd"
        ],
        "city": "Louisville",
        "state": "KY",
        "postalCode": "40218-3587"
      },
      {
        "line": [
          "444 North Main Street"
        ],
        "city": "AKRON",
        "state": "OH",
        "postalCode": "44310-3110"
      },
      {
        "line": [
          "8260 Atlee Rd"
        ],
        "city": "MECHANICSVILLE",
        "state": "VA",
        "postalCode": "23116-1844"
      },
      {
        "line": [
          "2730 East 3300 South"
        ],
        "city": "SALT LAKE CITY",
        "state": "UT",
        "postalCode": "84109-2819"
      },
      {
        "line": [
          "3802 Klondike Lake"
        ],
        "city": "LOUISVILLE",
        "state": "KY",
        "postalCode": "40218-1715"
      },
      {
        "line": [
          "13207 Ravenna Road"
        ],
        "city": "Chardon",
        "state": "OH",
        "postalCode": "44024-7032"
      },
      {
        "line": [
          "3460 South Pioneer Parkway"
        ],
        "city": "WEST VALLEY CITY",
        "state": "UT",
        "postalCode": "84120-2049"
      },
      {
        "line": [
          "3558 Ridgewood Rd"
        ],
        "city": "FAIRLAWN",
        "state": "OH",
        "postalCode": "44333-3122"
      },
      {
        "line": [
          "8700 Sudley Road"
        ],
        "city": "Manassas",
        "state": "VA",
        "postalCode": "20110-4418"
      },
      {
        "line": [
          "309 Jackson Street"
        ],
        "city": "Monroe",
        "state": "LA",
        "postalCode": "71201-7407"
      },
      {
        "line": [
          "7001 Hoover Rd"
        ],
        "city": "INDIANAPOLIS",
        "state": "IN",
        "postalCode": "46260-4169"
      },
      {
        "line": [
          "6712 Restoracy Dr"
        ],
        "city": "WHITESTOWN",
        "state": "IN",
        "postalCode": "46075-0089"
      },
      {
        "line": [
          "905 Highway 127 North"
        ],
        "city": "OWENTON",
        "state": "KY",
        "postalCode": "40359-9302"
      },
      {
        "line": [
          "523 N Main St"
        ],
        "city": "BOUNTIFUL",
        "state": "UT",
        "postalCode": "84010-6036"
      },
      {
        "line": [
          "8700 Sudley Road"
        ],
        "city": "MANASSAS",
        "state": "VA",
        "postalCode": "20110-4418"
      },
      {
        "line": [
          "5600 E 16th St"
        ],
        "city": "INDIANAPOLIS",
        "state": "IN",
        "postalCode": "46218-5012"
      },
      {
        "line": [
          "14751 Carey Road"
        ],
        "city": "Carmel",
        "state": "IN",
        "postalCode": "46033-9084"
      },
      {
        "line": [
          "3580 West 9000 South"
        ],
        "city": "WEST JORDAN",
        "state": "UT",
        "postalCode": "84088-8812"
      },
      {
        "line": [
          "254 Cleveland Avenue"
        ],
        "city": "Amherst",
        "state": "OH",
        "postalCode": "44001-1620"
      },
      {
        "line": [
          "8118 Good Luck Road"
        ],
        "city": "Lanham",
        "state": "MD",
        "postalCode": "20706-3574"
      },
      {
        "line": [
          "1206 11th Street"
        ],
        "city": "Carrollton",
        "state": "KY",
        "postalCode": "41008-9704"
      },
      {
        "line": [
          "2750 North Digital Drive"
        ],
        "city": "LEHI",
        "state": "UT",
        "postalCode": "84043-6651"
      },
      {
        "line": [
          "1105 Dorsey Lane"
        ],
        "city": "LOUISVILLE",
        "state": "KY",
        "postalCode": "40223-2614"
      },
      {
        "line": [
          "3518 Shelby Street"
        ],
        "city": "Indianapolis",
        "state": "IN",
        "postalCode": "46227-3226"
      },
      {
        "line": [
          "1809 North Madison Avenue"
        ],
        "city": "Anderson",
        "state": "IN",
        "postalCode": "46011-2145"
      },
      {
        "line": [
          "18810 Harvard Ave"
        ],
        "city": "CLEVELAND",
        "state": "OH",
        "postalCode": "44122-6848"
      },
      {
        "line": [
          "100 Hospital Road"
        ],
        "city": "PRINCE FREDERICK",
        "state": "MD",
        "postalCode": "20678-7649"
      },
      {
        "line": [
          "120 Life Care Way"
        ],
        "city": "BARDSTOWN",
        "state": "KY",
        "postalCode": "40004-2059"
      },
      {
        "line": [
          "200 Bell Terre Rd"
        ],
        "city": "Port Jefferson",
        "state": "NY",
        "postalCode": "11777-1928"
      },
      {
        "line": [
          "3580 West 9000 South"
        ],
        "city": "West Jordan",
        "state": "UT",
        "postalCode": "84088-8812"
      },
      {
        "line": [
          "331 South Main Street"
        ],
        "city": "Lawrenceburg",
        "state": "KY",
        "postalCode": "40342-1215"
      },
      {
        "line": [
          "580 Lemley Street"
        ],
        "city": "Franklin",
        "state": "IN",
        "postalCode": "46131-1273"
      },
      {
        "line": [
          "565 Bryn Mawr St"
        ],
        "city": "RAVENNA",
        "state": "OH",
        "postalCode": "44266-9696"
      },
      {
        "line": [
          "11100 Euclid Avenue"
        ],
        "city": "Cleveland",
        "state": "OH",
        "postalCode": "44106-1714"
      },
      {
        "line": [
          "909 West 450 South"
        ],
        "city": "SPRINGVILLE",
        "state": "UT",
        "postalCode": "84663-2292"
      },
      {
        "line": [
          "4035 South 500 East"
        ],
        "city": "SALT LAKE CITY",
        "state": "UT",
        "postalCode": "84107-1866"
      },
      {
        "line": [
          "1102 North Pine Road"
        ],
        "city": "OLLA",
        "state": "LA",
        "postalCode": "71465-4804"
      },
      {
        "line": [
          "727 N Beers St"
        ],
        "city": "HOLMDEL",
        "state": "NJ",
        "postalCode": "07733-1514"
      },
      {
        "line": [
          "12702 South Fort Street"
        ],
        "city": "DRAPER",
        "state": "UT",
        "postalCode": "84020-9755"
      },
      {
        "line": [
          "628 North Meridian Road"
        ],
        "city": "Greenfield",
        "state": "IN",
        "postalCode": "46140-2735"
      },
      {
        "line": [
          "2472 S 300 E #2895"
        ],
        "city": "SALT LAKE CITY",
        "state": "UT",
        "postalCode": "84115-2895"
      },
      {
        "line": [
          "4090 West Pioneer Parkway"
        ],
        "city": "West Valley City",
        "state": "UT",
        "postalCode": "84120-2060"
      },
      {
        "line": [
          "2200 North Riley Highway"
        ],
        "city": "Shelbyville",
        "state": "IN",
        "postalCode": "46176-9465"
      },
      {
        "line": [
          "775 North 200 East"
        ],
        "city": "Brigham City",
        "state": "UT",
        "postalCode": "84302-1303"
      },
      {
        "line": [
          "840 E Elva St"
        ],
        "city": "IDAHO FALLS",
        "state": "ID",
        "postalCode": "83401-2801"
      },
      {
        "line": [
          "2375 East Prater Way"
        ],
        "city": "Sparks",
        "state": "NV",
        "postalCode": "89434-9641"
      },
      {
        "line": [
          "727 North Main Street"
        ],
        "city": "Emporia",
        "state": "VA",
        "postalCode": "23847-1274"
      },
      {
        "line": [
          "1707 Bethany Road"
        ],
        "city": "ANDERSON",
        "state": "IN",
        "postalCode": "46012-9669"
      },
      {
        "line": [
          "1871 Midland Trail"
        ],
        "city": "Shelbyville",
        "state": "KY",
        "postalCode": "40065-9111"
      },
      {
        "line": [
          "2430 West Pierce Street"
        ],
        "city": "Carlsbad",
        "state": "NM",
        "postalCode": "88220-3553"
      },
      {
        "line": [
          "1100 North 400 East"
        ],
        "city": "Nephi",
        "state": "UT",
        "postalCode": "84648-2202"
      },
      {
        "line": [
          "200 Memorial Avenue"
        ],
        "city": "WESTMINSTER",
        "state": "MD",
        "postalCode": "21157-5726"
      },
      {
        "line": [
          "540 Great Oaks Trl"
        ],
        "city": "WADSWORTH",
        "state": "OH",
        "postalCode": "44281-8799"
      },
      {
        "line": [
          "708 Bartley Avenue"
        ],
        "city": "BARDSTOWN",
        "state": "KY",
        "postalCode": "40004-1240"
      },
      {
        "line": [
          "708 Bartley Avenue"
        ],
        "city": "Bardstown",
        "state": "KY",
        "postalCode": "40004-1240"
      },
      {
        "line": [
          "8181 Harcourt Road"
        ],
        "city": "INDIANAPOLIS",
        "state": "IN",
        "postalCode": "46260-2578"
      },
      {
        "line": [
          "435 West Center Street"
        ],
        "city": "OREM",
        "state": "UT",
        "postalCode": "84057-5336"
      },
      {
        "line": [
          "815 South 200 West"
        ],
        "city": "BRIGHAM CITY",
        "state": "UT",
        "postalCode": "84302-3333"
      },
      {
        "line": [
          "375 East 5350 South"
        ],
        "city": "OGDEN",
        "state": "UT",
        "postalCode": "84405-6934"
      },
      {
        "line": [
          "4401 Union Street"
        ],
        "city": "Johnstown",
        "state": "CO",
        "postalCode": "80537-2800"
      },
      {
        "line": [
          "375 East 5350 South"
        ],
        "city": "Ogden",
        "state": "UT",
        "postalCode": "84405-6934"
      },
      {
        "line": [
          "200 Memorial Avenue"
        ],
        "city": "Westminster",
        "state": "MD",
        "postalCode": "21157-5799"
      },
      {
        "line": [
          "380 Woods Cove Road"
        ],
        "city": "SCOTTSBORO",
        "state": "AL",
        "postalCode": "35768-2428"
      },
      {
        "line": [
          "305 N Main St"
        ],
        "city": "ENNIS",
        "state": "MT",
        "postalCode": "59729-8001"
      },
      {
        "line": [
          "18101 Prince Philip Drive"
        ],
        "city": "Olney",
        "state": "MD",
        "postalCode": "20832-1514"
      },
      {
        "line": [
          "3 Erie Court"
        ],
        "city": "Oak Park",
        "state": "IL",
        "postalCode": "60302-2519"
      },
      {
        "line": [
          "1992 South Columbia Lane"
        ],
        "city": "OREM",
        "state": "UT",
        "postalCode": "84097-8052"
      },
      {
        "line": [
          "12702 South Fort Street"
        ],
        "city": "Draper",
        "state": "UT",
        "postalCode": "84020-9755"
      },
      {
        "line": [
          "310 Boxwood Run"
        ],
        "city": "Mount Washington",
        "state": "KY",
        "postalCode": "40047-7143"
      },
      {
        "line": [
          "1701 N George Mason Drive"
        ],
        "city": "ARLINGTON",
        "state": "VA",
        "postalCode": "22205-3610"
      },
      {
        "line": [
          "6847 North Chestnut Street"
        ],
        "city": "RAVENNA",
        "state": "OH",
        "postalCode": "44266-3929"
      },
      {
        "line": [
          "1205 East 4725 South"
        ],
        "city": "SALT LAKE CITY",
        "state": "UT",
        "postalCode": "84117-4917"
      },
      {
        "line": [
          "3706 West 9000 South"
        ],
        "city": "WEST JORDAN",
        "state": "UT",
        "postalCode": "84088-8813"
      },
      {
        "line": [
          "1010 Hornaday Road"
        ],
        "city": "BROWNSBURG",
        "state": "IN",
        "postalCode": "46112-1972"
      },
      {
        "line": [
          "4600 Highland Dr"
        ],
        "city": "Salt Lake City",
        "state": "UT",
        "postalCode": "84117-5108"
      },
      {
        "line": [
          "6246 S Redwood Rd"
        ],
        "city": "SALT LAKE CITY",
        "state": "UT",
        "postalCode": "84123-6600"
      },
      {
        "line": [
          "225 Saint John Road"
        ],
        "city": "Elizabethtown",
        "state": "KY",
        "postalCode": "42701-2918"
      },
      {
        "line": [
          "2140 West 86th Street"
        ],
        "city": "Indianapolis",
        "state": "IN",
        "postalCode": "46260-1904"
      },
      {
        "line": [
          "1371 West South Jordan Parkway"
        ],
        "city": "South Jordan",
        "state": "UT",
        "postalCode": "84095-8848"
      },
      {
        "line": [
          "909 S 25th E"
        ],
        "city": "IDAHO FALLS",
        "state": "ID",
        "postalCode": "83404-7005"
      },
      {
        "line": [
          "604 Stone Avenue"
        ],
        "city": "TALLADEGA",
        "state": "AL",
        "postalCode": "35160-2217"
      },
      {
        "line": [
          "4389 Medina Rd"
        ],
        "city": "Copley",
        "state": "OH",
        "postalCode": "44321-1388"
      },
      {
        "line": [
          "3114 East 46th Street"
        ],
        "city": "INDIANAPOLIS",
        "state": "IN",
        "postalCode": "46205-2413"
      },
      {
        "line": [
          "4171 Forest Point Circle"
        ],
        "city": "Avon",
        "state": "IN",
        "postalCode": "46123-6668"
      },
      {
        "line": [
          "2200 North Riley Highway"
        ],
        "city": "SHELBYVILLE",
        "state": "IN",
        "postalCode": "46176-9465"
      },
      {
        "line": [
          "1044 Belmont Avenue"
        ],
        "city": "YOUNGSTOWN",
        "state": "OH",
        "postalCode": "44501-1806"
      },
      {
        "line": [
          "3855 Fishcreek Rd"
        ],
        "city": "STOW",
        "state": "OH",
        "postalCode": "44224-4305"
      },
      {
        "line": [
          "5 Garrett Ave"
        ],
        "city": "LA PLATA",
        "state": "MD",
        "postalCode": "20646-5960"
      },
      {
        "line": [
          "120 E Howard Ave"
        ],
        "city": "DRIGGS",
        "state": "ID",
        "postalCode": "83422-5112"
      },
      {
        "line": [
          "500 East Pottawatami Street"
        ],
        "city": "Tecumseh",
        "state": "MI",
        "postalCode": "49286-2018"
      },
      {
        "line": [
          "1025 Center St"
        ],
        "city": "ASHLAND",
        "state": "OH",
        "postalCode": "44805-4011"
      },
      {
        "line": [
          "29 North Adams Street"
        ],
        "city": "AKRON",
        "state": "OH",
        "postalCode": "44309-1641"
      },
      {
        "line": [
          "909 West 450 South"
        ],
        "city": "Springville",
        "state": "UT",
        "postalCode": "84663-2292"
      },
      {
        "line": [
          "150 Kingsley Lane"
        ],
        "city": "NORFOLK",
        "state": "VA",
        "postalCode": "23505-4602"
      },
      {
        "line": [
          "350 East 300 North"
        ],
        "city": "AMERICAN FORK",
        "state": "UT",
        "postalCode": "84003-1717"
      },
      {
        "line": [
          "628 North Meridian Road"
        ],
        "city": "GREENFIELD",
        "state": "IN",
        "postalCode": "46140-2735"
      },
      {
        "line": [
          "1235 West Cross Street"
        ],
        "city": "ANDERSON",
        "state": "IN",
        "postalCode": "46011-9501"
      },
      {
        "line": [
          "3460 South Pioneer Parkway"
        ],
        "city": "West Valley City",
        "state": "UT",
        "postalCode": "84120-2049"
      },
      {
        "line": [
          "2335 North Madison Avenue"
        ],
        "city": "Anderson",
        "state": "IN",
        "postalCode": "46011-9591"
      },
      {
        "line": [
          "2140 West 86th Street"
        ],
        "city": "INDIANAPOLIS",
        "state": "IN",
        "postalCode": "46260-1904"
      },
      {
        "line": [
          "451 Bishop Federal Lane"
        ],
        "city": "SALT LAKE CITY",
        "state": "UT",
        "postalCode": "84115-2357"
      },
      {
        "line": [
          "7600 Carroll Avenue"
        ],
        "city": "TAKOMA PARK",
        "state": "MD",
        "postalCode": "20912-6367"
      },
      {
        "line": [
          "24579 Broadway Ave"
        ],
        "city": "OAKWOOD VILLAGE",
        "state": "OH",
        "postalCode": "44146-6338"
      },
      {
        "line": [
          "7400 Lagrange Road"
        ],
        "city": "PEWEE VALLEY",
        "state": "KY",
        "postalCode": "40056-9190"
      },
      {
        "line": [
          "1050 East South Temple"
        ],
        "city": "Salt Lake City",
        "state": "UT",
        "postalCode": "84102-1507"
      },
      {
        "line": [
          "200 Bell Terre Rd"
        ],
        "city": "PORT JEFFERSON",
        "state": "NY",
        "postalCode": "11777-1928"
      },
      {
        "line": [
          "10201 Valley Farms Boulevard"
        ],
        "city": "LOUISVILLE",
        "state": "KY",
        "postalCode": "40272-3284"
      },
      {
        "line": [
          "499 Center Aveune"
        ],
        "city": "WARSAW",
        "state": "KY",
        "postalCode": "41095-9754"
      },
      {
        "line": [
          "3000 North Triumph Boulevard"
        ],
        "city": "Lehi",
        "state": "UT",
        "postalCode": "84043-4999"
      },
      {
        "line": [
          "3400 Highway 78 East"
        ],
        "city": "Jasper",
        "state": "AL",
        "postalCode": "35502-3543"
      },
      {
        "line": [
          "2330 Smith Road"
        ],
        "city": "AKRON",
        "state": "OH",
        "postalCode": "44333-2927"
      },
      {
        "line": [
          "1912 Alabama Highway 157"
        ],
        "city": "Cullman",
        "state": "AL",
        "postalCode": "35058-0609"
      },
      {
        "line": [
          "155 5th Street Northeast"
        ],
        "city": "BARBERTON",
        "state": "OH",
        "postalCode": "44203-3332"
      },
      {
        "line": [
          "505 North Main Street"
        ],
        "city": "WALDRON",
        "state": "IN",
        "postalCode": "46182-9791"
      },
      {
        "line": [
          "168 South Howell Street"
        ],
        "city": "Hillsdale",
        "state": "MI",
        "postalCode": "49242-2040"
      },
      {
        "line": [
          "501 Sunset Lane"
        ],
        "city": "Culpeper",
        "state": "VA",
        "postalCode": "22701-3917"
      },
      {
        "line": [
          "201 Kimberly Lane"
        ],
        "city": "WILLIAMSTOWN",
        "state": "KY",
        "postalCode": "41097-9458"
      },
      {
        "line": [
          "3000 North Triumph Boulevard"
        ],
        "city": "LEHI",
        "state": "UT",
        "postalCode": "84043-4999"
      },
      {
        "line": [
          "200 Medical Park Boulevard"
        ],
        "city": "PETERSBURG",
        "state": "VA",
        "postalCode": "23805-9274"
      },
      {
        "line": [
          "7007 Powers Boulevard"
        ],
        "city": "CLEVELAND",
        "state": "OH",
        "postalCode": "44129-5437"
      },
      {
        "line": [
          "8181 Harcourt Road"
        ],
        "city": "Indianapolis",
        "state": "IN",
        "postalCode": "46260-2578"
      },
      {
        "line": [
          "4700 Quinn Dr"
        ],
        "city": "LOUISVILLE",
        "state": "KY",
        "postalCode": "40216-2943"
      },
      {
        "line": [
          "718 North Macomb Street"
        ],
        "city": "Monroe",
        "state": "MI",
        "postalCode": "48162-7815"
      },
      {
        "line": [
          "981 Beechwood Ave"
        ],
        "city": "Middletown",
        "state": "IN",
        "postalCode": "47356-9358"
      },
      {
        "line": [
          "27100 Chardon Road"
        ],
        "city": "CLEVELAND",
        "state": "OH",
        "postalCode": "44143-1116"
      },
      {
        "line": [
          "580 Lemley Street"
        ],
        "city": "FRANKLIN",
        "state": "IN",
        "postalCode": "46131-1273"
      },
      {
        "line": [
          "981 Beechwood Avenue"
        ],
        "city": "Middletown",
        "state": "IN",
        "postalCode": "47356-9358"
      },
      {
        "line": [
          "950 South 500 West"
        ],
        "city": "Brigham City",
        "state": "UT",
        "postalCode": "84302-4724"
      },
      {
        "line": [
          "1235 West Cross Street"
        ],
        "city": "Anderson",
        "state": "IN",
        "postalCode": "46011-9501"
      },
      {
        "line": [
          "1200 East 3900 South"
        ],
        "city": "Salt Lake City",
        "state": "UT",
        "postalCode": "84124-1300"
      },
      {
        "line": [
          "4604 Lowe Road"
        ],
        "city": "LOUISVILLE",
        "state": "KY",
        "postalCode": "40220-1514"
      },
      {
        "line": [
          "3855 S 700 E"
        ],
        "city": "SALT LAKE CITY",
        "state": "UT",
        "postalCode": "84106-1157"
      },
      {
        "line": [
          "1924 Wellesley Boulevard"
        ],
        "city": "INDIANAPOLIS",
        "state": "IN",
        "postalCode": "46219-2404"
      },
      {
        "line": [
          "667 Eastland Avenue Southeast"
        ],
        "city": "WARREN",
        "state": "OH",
        "postalCode": "44484-4503"
      },
      {
        "line": [
          "6084 South Summit Vista Blvd"
        ],
        "city": "TAYLORSVILLE",
        "state": "UT",
        "postalCode": "84129-3208"
      },
      {
        "line": [
          "538 South 500 East"
        ],
        "city": "AMERICAN FORK",
        "state": "UT",
        "postalCode": "84003-2676"
      },
      {
        "line": [
          "6246 South Redwood Road"
        ],
        "city": "Salt Lake City",
        "state": "UT",
        "postalCode": "84123-6600"
      },
      {
        "line": [
          "538 South 500 East"
        ],
        "city": "American Fork",
        "state": "UT",
        "postalCode": "84003-2676"
      },
      {
        "line": [
          "1012 West Jordan River Boulevard"
        ],
        "city": "MIDVALE",
        "state": "UT",
        "postalCode": "84047-4865"
      },
      {
        "line": [
          "275 E Sunset Dr"
        ],
        "city": "RITTMAN",
        "state": "OH",
        "postalCode": "44270-1165"
      },
      {
        "line": [
          "85 Third St. SE"
        ],
        "city": "BARBERTON",
        "state": "OH",
        "postalCode": "44203-4208"
      },
      {
        "line": [
          "201 Koontz Lane"
        ],
        "city": "Carson City",
        "state": "NV",
        "postalCode": "89701-5513"
      },
      {
        "line": [
          "5255 Loughboro Road North West"
        ],
        "city": "Washington",
        "state": "DC",
        "postalCode": "20016-2633"
      },
      {
        "line": [
          "5323 Murray Boulevard"
        ],
        "city": "Salt Lake City",
        "state": "UT",
        "postalCode": "84123-6973"
      },
      {
        "line": [
          "11925 South State Street"
        ],
        "city": "DRAPER",
        "state": "UT",
        "postalCode": "84020-7735"
      },
      {
        "line": [
          "5475 South 500 East"
        ],
        "city": "Ogden",
        "state": "UT",
        "postalCode": "84405-6905"
      },
      {
        "line": [
          "3636 High Street"
        ],
        "city": "PORTSMOUTH",
        "state": "VA",
        "postalCode": "23707-3236"
      },
      {
        "line": [
          "158 West Main Road"
        ],
        "city": "CONNEAUT",
        "state": "OH",
        "postalCode": "44030-2039"
      },
      {
        "line": [
          "8260 Atlee Road"
        ],
        "city": "MECHANICSVILLE",
        "state": "VA",
        "postalCode": "23116-1844"
      },
      {
        "line": [
          "950 South 500 West"
        ],
        "city": "BRIGHAM CITY",
        "state": "UT",
        "postalCode": "84302-4724"
      },
      {
        "line": [
          "50 Shepard Lane"
        ],
        "city": "Bedford",
        "state": "KY",
        "postalCode": "40006-7845"
      },
      {
        "line": [
          "2898 US Highway 50 East"
        ],
        "city": "Carson City",
        "state": "NV",
        "postalCode": "89701-2811"
      },
      {
        "line": [
          "775 Fleischmann Way"
        ],
        "city": "Carson City",
        "state": "NV",
        "postalCode": "89703-2995"
      },
      {
        "line": [
          "3834 South Emerson Ave",
          "Bldg C Suite 100"
        ],
        "city": "INDIANAPOLIS",
        "state": "IN",
        "postalCode": "46203-5902"
      },
      {
        "line": [
          "8201 Washington St"
        ],
        "city": "INDIANAPOLIS",
        "state": "IN",
        "postalCode": "46231-1346"
      },
      {
        "line": [
          "3636 High Street"
        ],
        "city": "Portsmouth",
        "state": "VA",
        "postalCode": "23707-3236"
      },
      {
        "line": [
          "630 East Medical Drive"
        ],
        "city": "BOUNTIFUL",
        "state": "UT",
        "postalCode": "84010-4908"
      },
      {
        "line": [
          "3802 Klondike Center"
        ],
        "city": "Louisville",
        "state": "KY",
        "postalCode": "40218-1715"
      },
      {
        "line": [
          "900 Gagel Avenue"
        ],
        "city": "LOUISVILLE",
        "state": "KY",
        "postalCode": "40216-4012"
      },
      {
        "line": [
          "4252S Birkhill Boulevard"
        ],
        "city": "Salt Lake City",
        "state": "UT",
        "postalCode": "84107-5715"
      },
      {
        "line": [
          "450 E Main St"
        ],
        "city": "REXBURG",
        "state": "ID",
        "postalCode": "83440-2048"
      },
      {
        "line": [
          "1001 North 500 West"
        ],
        "city": "PROVO",
        "state": "UT",
        "postalCode": "84604-3305"
      },
      {
        "line": [
          "100 Fairview Drive"
        ],
        "city": "Franklin",
        "state": "VA",
        "postalCode": "23851-1238"
      },
      {
        "line": [
          "165 South 1000 East"
        ],
        "city": "SALT LAKE CITY",
        "state": "UT",
        "postalCode": "84102-1402"
      },
      {
        "line": [
          "295 Westfield Road"
        ],
        "city": "Noblesville",
        "state": "IN",
        "postalCode": "46060-1424"
      },
      {
        "line": [
          "101 Harris Road"
        ],
        "city": "KILMARNOCK",
        "state": "VA",
        "postalCode": "22482-3880"
      },
      {
        "line": [
          "1305 North Elm Street"
        ],
        "city": "Henderson",
        "state": "KY",
        "postalCode": "42420-2783"
      },
      {
        "line": [
          "2 Bernardine Drive"
        ],
        "city": "NEWPORT NEWS",
        "state": "VA",
        "postalCode": "23602-4404"
      },
      {
        "line": [
          "44 Blaine Avenue"
        ],
        "city": "Bedford",
        "state": "OH",
        "postalCode": "44146-2709"
      },
      {
        "line": [
          "5505 S 900 East #240"
        ],
        "city": "SALT LAKE CITY",
        "state": "UT",
        "postalCode": "84117-7210"
      },
      {
        "line": [
          "4102 Shore Drive"
        ],
        "city": "INDIANAPOLIS",
        "state": "IN",
        "postalCode": "46254-2608"
      },
      {
        "line": [
          "963 East 6600 South"
        ],
        "city": "SALT LAKE CITY",
        "state": "UT",
        "postalCode": "84121-2444"
      },
      {
        "line": [
          "7510 Rosegate Drive"
        ],
        "city": "INDIANAPOLIS",
        "state": "IN",
        "postalCode": "46237-8301"
      },
      {
        "line": [
          "325 East Bay Drive"
        ],
        "city": "LONG BEACH",
        "state": "NY",
        "postalCode": "11561-4304"
      },
      {
        "line": [
          "3100 Channing Way"
        ],
        "city": "IDAHO FALLS",
        "state": "ID",
        "postalCode": "83404-7533"
      },
      {
        "line": [
          "7007 Powers Boulevard"
        ],
        "city": "Cleveland",
        "state": "OH",
        "postalCode": "44129-5437"
      },
      {
        "line": [
          "7400 Lagrange Road"
        ],
        "city": "Pewee Valley",
        "state": "KY",
        "postalCode": "40056-9190"
      },
      {
        "line": [
          "1296 Tod Avenue"
        ],
        "city": "WARREN",
        "state": "OH",
        "postalCode": "44485-2474"
      },
      {
        "line": [
          "1285 West East Jefferson Street"
        ],
        "city": "FRANKLIN",
        "state": "IN",
        "postalCode": "46131-9048"
      },
      {
        "line": [
          "2309 South Miller Street"
        ],
        "city": "SHELBYVILLE",
        "state": "IN",
        "postalCode": "46176-9350"
      },
      {
        "line": [
          "201 Kimberly Lane"
        ],
        "city": "Williamstown",
        "state": "KY",
        "postalCode": "41097-9458"
      },
      {
        "line": [
          "60 East Roslyn Court"
        ],
        "city": "COLONIAL HEIGHTS",
        "state": "VA",
        "postalCode": "23834-2980"
      },
      {
        "line": [
          "501 Sunset Lane"
        ],
        "city": "CULPEPER",
        "state": "VA",
        "postalCode": "22701-3917"
      },
      {
        "line": [
          "8118 Good Luck Road"
        ],
        "city": "LANHAM",
        "state": "MD",
        "postalCode": "20706-3574"
      },
      {
        "line": [
          "499 Center Aveune"
        ],
        "city": "Warsaw",
        "state": "KY",
        "postalCode": "41095-9754"
      },
      {
        "line": [
          "2141 Sycamore Avenue"
        ],
        "city": "Louisville",
        "state": "KY",
        "postalCode": "40206-2013"
      },
      {
        "line": [
          "18101 Prince Philip Dr"
        ],
        "city": "OLNEY",
        "state": "MD",
        "postalCode": "20832-1514"
      },
      {
        "line": [
          "7476 Lane Road"
        ],
        "city": "McCordsville",
        "state": "IN",
        "postalCode": "46055-9506"
      },
      {
        "line": [
          "4389 Medina Rd"
        ],
        "city": "AKRON",
        "state": "OH",
        "postalCode": "44321-1388"
      },
      {
        "line": [
          "8405 Clearvista Place"
        ],
        "city": "Indianapolis",
        "state": "IN",
        "postalCode": "46256-3737"
      },
      {
        "line": [
          "11050 Presbyterian Drive"
        ],
        "city": "Indianapolis",
        "state": "IN",
        "postalCode": "46236-2982"
      },
      {
        "line": [
          "2309 South Miller Street"
        ],
        "city": "Shelbyville",
        "state": "IN",
        "postalCode": "46176-9350"
      },
      {
        "line": [
          "15225 Heathcote Boulevard"
        ],
        "city": "HAYMARKET",
        "state": "VA",
        "postalCode": "20169-6264"
      },
      {
        "line": [
          "727 North Beers Street"
        ],
        "city": "HOLMDEL",
        "state": "NJ",
        "postalCode": "07733-1514"
      },
      {
        "line": [
          "905 HWY 127 North"
        ],
        "city": "Owenton",
        "state": "KY",
        "postalCode": "40359-9302"
      },
      {
        "line": [
          "1809 North Madison Avenue"
        ],
        "city": "ANDERSON",
        "state": "IN",
        "postalCode": "46011-2145"
      },
      {
        "line": [
          "1924 Wellesley Boulevard"
        ],
        "city": "Indianapolis",
        "state": "IN",
        "postalCode": "46219-2404"
      },
      {
        "line": [
          "11050 Presbyterian Drive"
        ],
        "city": "INDIANAPOLIS",
        "state": "IN",
        "postalCode": "46236-2982"
      },
      {
        "line": [
          "2430 West Pierce Street"
        ],
        "city": "CARLSBAD",
        "state": "NM",
        "postalCode": "88220-3553"
      },
      {
        "line": [
          "4604 Lowe Road"
        ],
        "city": "Louisville",
        "state": "KY",
        "postalCode": "40220-1514"
      },
      {
        "line": [
          "1118 West Cross Street"
        ],
        "city": "ANDERSON",
        "state": "IN",
        "postalCode": "46011-9530"
      },
      {
        "line": [
          "524 Anderson Road"
        ],
        "city": "Anderson",
        "state": "IN",
        "postalCode": "46017-1514"
      },
      {
        "line": [
          "13207 Ravenna Road"
        ],
        "city": "CHARDON",
        "state": "OH",
        "postalCode": "44024-7032"
      },
      {
        "line": [
          "2300 Parkview Ln"
        ],
        "city": "ELWOOD",
        "state": "IN",
        "postalCode": "46036-1378"
      },
      {
        "line": [
          "3114 East 46th Street"
        ],
        "city": "Indianapolis",
        "state": "IN",
        "postalCode": "46205-2413"
      },
      {
        "line": [
          "727 North Main Street"
        ],
        "city": "EMPORIA",
        "state": "VA",
        "postalCode": "23847-1274"
      },
      {
        "line": [
          "1001 Mountain Street"
        ],
        "city": "Carson City",
        "state": "NV",
        "postalCode": "89703-3848"
      },
      {
        "line": [
          "1371 West South Jordan Parkway"
        ],
        "city": "SOUTH JORDAN",
        "state": "UT",
        "postalCode": "84095-8848"
      },
      {
        "line": [
          "4782 South Holladay Boulevard"
        ],
        "city": "SALT LAKE CITY",
        "state": "UT",
        "postalCode": "84117-5444"
      },
      {
        "line": [
          "35990 Westminister Ave"
        ],
        "city": "NORTH RIDGEVILLE",
        "state": "OH",
        "postalCode": "44039-1373"
      },
      {
        "line": [
          "11925 South State Street"
        ],
        "city": "Draper",
        "state": "UT",
        "postalCode": "84020-7735"
      },
      {
        "line": [
          "4102 Shore Drive"
        ],
        "city": "Indianapolis",
        "state": "IN",
        "postalCode": "46254-2608"
      },
      {
        "line": [
          "300 South Preston Street"
        ],
        "city": "RANSON",
        "state": "WV",
        "postalCode": "25438-1631"
      },
      {
        "line": [
          "4646 N Marine Dr"
        ],
        "city": "CHICAGO",
        "state": "IL",
        "postalCode": "60640-5759"
      },
      {
        "line": [
          "963 East 6600 South"
        ],
        "city": "Salt Lake City",
        "state": "UT",
        "postalCode": "84121-2444"
      },
      {
        "line": [
          "120 Life Care Way"
        ],
        "city": "Bardstown",
        "state": "KY",
        "postalCode": "40004-2059"
      },
      {
        "line": [
          "3100 Channing Way"
        ],
        "city": "Idaho Falls",
        "state": "ID",
        "postalCode": "83404-7533"
      },
      {
        "line": [
          "1500 North 28th Street"
        ],
        "city": "RICHMOND",
        "state": "VA",
        "postalCode": "23223-5332"
      },
      {
        "line": [
          "775 North 200 East"
        ],
        "city": "BRIGHAM CITY",
        "state": "UT",
        "postalCode": "84302-1303"
      },
      {
        "line": [
          "1001 East Springhill Drive"
        ],
        "city": "Terre Haute",
        "state": "IN",
        "postalCode": "47802-4547"
      },
      {
        "line": [
          "2055 North Main Street"
        ],
        "city": "TOOELE",
        "state": "UT",
        "postalCode": "84074-9819"
      },
      {
        "line": [
          "164 S 5th St"
        ],
        "city": "MONTPELIER",
        "state": "ID",
        "postalCode": "83254-1557"
      },
      {
        "line": [
          "186 W. Bath Road"
        ],
        "city": "CUYAHOGA FALLS",
        "state": "OH",
        "postalCode": "44223-2516"
      },
      {
        "line": [
          "1400 Medical Parkway"
        ],
        "city": "Carson City",
        "state": "NV",
        "postalCode": "89703-4624"
      },
      {
        "line": [
          "8074 South 1300 East"
        ],
        "city": "SANDY",
        "state": "UT",
        "postalCode": "84094-0743"
      },
      {
        "line": [
          "1950 Niles-Cortland Road NE"
        ],
        "city": "WARREN",
        "state": "OH",
        "postalCode": "44483-1077"
      },
      {
        "line": [
          "1201 E 4500 S"
        ],
        "city": "SALT LAKE CITY",
        "state": "UT",
        "postalCode": "84117-4124"
      },
      {
        "line": [
          "6370 Robin Run West"
        ],
        "city": "INDIANAPOLIS",
        "state": "IN",
        "postalCode": "46268-4051"
      },
      {
        "line": [
          "5475 South 500 East"
        ],
        "city": "OGDEN",
        "state": "UT",
        "postalCode": "84405-6905"
      },
      {
        "line": [
          "295 Village Lane"
        ],
        "city": "GREENWOOD",
        "state": "IN",
        "postalCode": "46143-2438"
      },
      {
        "line": [
          "1 Healthy Way"
        ],
        "city": "Oceanside",
        "state": "NY",
        "postalCode": "11572-1551"
      },
      {
        "line": [
          "EMA_61_ED_White Oak Medical Center HSP"
        ],
        "city": "SILVER SPRING",
        "state": "MD",
        "postalCode": "20904-7917"
      },
      {
        "line": [
          "981 Beechwood Avenue"
        ],
        "city": "MIDDLETOWN",
        "state": "IN",
        "postalCode": "47356-9358"
      },
      {
        "line": [
          "8074 South 1300 East"
        ],
        "city": "Sandy",
        "state": "UT",
        "postalCode": "84094-0743"
      },
      {
        "line": [
          "1912 Alabama Highway 157"
        ],
        "city": "CULLMAN",
        "state": "AL",
        "postalCode": "35058-0609"
      },
      {
        "line": [
          "25 Alpine Dr"
        ],
        "city": "PLEASANT GROVE",
        "state": "UT",
        "postalCode": "84062-3511"
      },
      {
        "line": [
          "5113 State Route 43"
        ],
        "city": "KENT",
        "state": "OH",
        "postalCode": "44240-0001"
      },
      {
        "line": [
          "2106 Loop Road"
        ],
        "city": "Winnsboro",
        "state": "LA",
        "postalCode": "71295-3344"
      },
      {
        "line": [
          "1481 East 1450 South"
        ],
        "city": "Clearfield",
        "state": "UT",
        "postalCode": "84015-1610"
      },
      {
        "line": [
          "2380 North 400 East"
        ],
        "city": "LOGAN",
        "state": "UT",
        "postalCode": "84341-1749"
      },
      {
        "line": [
          "616 Green House Way"
        ],
        "city": "CARMEL",
        "state": "IN",
        "postalCode": "46032-3178"
      },
      {
        "line": [
          "7510 Rosegate Drive"
        ],
        "city": "Indianapolis",
        "state": "IN",
        "postalCode": "46237-8301"
      },
      {
        "line": [
          "6370 Robin Run West"
        ],
        "city": "Indianapolis",
        "state": "IN",
        "postalCode": "46268-4051"
      },
      {
        "line": [
          "203 S Daisy St"
        ],
        "city": "SALMON",
        "state": "ID",
        "postalCode": "83467-4709"
      },
      {
        "line": [
          "1290 Fairchild Ave"
        ],
        "city": "KENT",
        "state": "OH",
        "postalCode": "44240-1814"
      },
      {
        "line": [
          "1290 Fairchild ave"
        ],
        "city": "KENT",
        "state": "OH",
        "postalCode": "44240-1814"
      },
      {
        "line": [
          "630 East River Street"
        ],
        "city": "Elyria",
        "state": "OH",
        "postalCode": "44035-5902"
      },
      {
        "line": [
          "1 Healthy Way"
        ],
        "city": "OCEANSIDE",
        "state": "NY",
        "postalCode": "11572-1551"
      },
      {
        "line": [
          "551 Highland Dr"
        ],
        "city": "ARCO",
        "state": "ID",
        "postalCode": "83213-5003"
      },
      {
        "line": [
          "7630 East 86th Street"
        ],
        "city": "INDIANAPOLIS",
        "state": "IN",
        "postalCode": "46256-1212"
      },
      {
        "line": [
          "200 Memorial Avenue"
        ],
        "city": "WESTMINSTER",
        "state": "MD",
        "postalCode": "21157-5799"
      },
      {
        "line": [
          "101 Harris road"
        ],
        "city": "Kilmarnock",
        "state": "VA",
        "postalCode": "22482-3880"
      },
      {
        "line": [
          "3802 Klondike Lake"
        ],
        "city": "Louisville",
        "state": "KY",
        "postalCode": "40218-1715"
      },
      {
        "line": [
          "1575 Brainard Rd"
        ],
        "city": "CLEVELAND",
        "state": "OH",
        "postalCode": "44124-3096"
      },
      {
        "line": [
          "505 North Main Street"
        ],
        "city": "Waldron",
        "state": "IN",
        "postalCode": "46182-9791"
      },
      {
        "line": [
          "936 Barret Avenue"
        ],
        "city": "Louisville",
        "state": "KY",
        "postalCode": "40204-2049"
      },
      {
        "line": [
          "5226 East 82nd Street"
        ],
        "city": "INDIANAPOLIS",
        "state": "IN",
        "postalCode": "46250-1628"
      },
      {
        "line": [
          "5640 N. Adrian Hwy"
        ],
        "city": "ADRIAN",
        "state": "MI",
        "postalCode": "49221-8318"
      },
      {
        "line": [
          "8118 Harcourt Road"
        ],
        "city": "Indianapolis",
        "state": "IN",
        "postalCode": "46260-2578"
      },
      {
        "line": [
          "524 Anderson Road"
        ],
        "city": "ANDERSON",
        "state": "IN",
        "postalCode": "46017-1514"
      },
      {
        "line": [
          "8401 Market Street"
        ],
        "city": "Youngstown",
        "state": "OH",
        "postalCode": "44512-6777"
      },
      {
        "line": [
          "295 Village Lane"
        ],
        "city": "Greenwood",
        "state": "IN",
        "postalCode": "46143-2438"
      },
      {
        "line": [
          "1707 Bethany Road"
        ],
        "city": "Anderson",
        "state": "IN",
        "postalCode": "46012-9669"
      },
      {
        "line": [
          "5818 Harbour View Blvd"
        ],
        "city": "SUFFOLK",
        "state": "VA",
        "postalCode": "23435-1453"
      },
      {
        "line": [
          "3050 North Ormsby Boulevard"
        ],
        "city": "CARSON CITY",
        "state": "NV",
        "postalCode": "89703-8378"
      },
      {
        "line": [
          "1250 South Washington Street"
        ],
        "city": "VAN WERT",
        "state": "OH",
        "postalCode": "45891-2551"
      },
      {
        "line": [
          "2026 East 54th Street"
        ],
        "city": "INDIANAPOLIS",
        "state": "IN",
        "postalCode": "46220-3432"
      },
      {
        "line": [
          "44 Blaine Avenue"
        ],
        "city": "BEDFORD",
        "state": "OH",
        "postalCode": "44146-2709"
      },
      {
        "line": [
          "24440 Stone Springs Boulevard"
        ],
        "city": "STERLING",
        "state": "VA",
        "postalCode": "20166-9356"
      },
      {
        "line": [
          "818 Riverside Avenue"
        ],
        "city": "Adrian",
        "state": "MI",
        "postalCode": "49221-1446"
      },
      {
        "line": [
          "2750 North Digital Drive"
        ],
        "city": "Lehi",
        "state": "UT",
        "postalCode": "84043-6651"
      },
      {
        "line": [
          "2460 Glebe Street"
        ],
        "city": "Carmel",
        "state": "IN",
        "postalCode": "46032-7155"
      },
      {
        "line": [
          "1600 Medical Parkway"
        ],
        "city": "CARSON CITY",
        "state": "NV",
        "postalCode": "89703-4624"
      },
      {
        "line": [
          "1012 West Jordan River Boulevard"
        ],
        "city": "Midvale",
        "state": "UT",
        "postalCode": "84047-4865"
      },
      {
        "line": [
          "1400 Medical Parkway"
        ],
        "city": "CARSON CITY",
        "state": "NV",
        "postalCode": "89703-4624"
      },
      {
        "line": [
          "2601 Electric Avenue"
        ],
        "city": "Port Huron",
        "state": "MI",
        "postalCode": "48060-6587"
      },
      {
        "line": [
          "327 Beach 19th Street"
        ],
        "city": "Far Rockaway",
        "state": "NY",
        "postalCode": "11691-4423"
      },
      {
        "line": [
          "740 North 300 East"
        ],
        "city": "Orem",
        "state": "UT",
        "postalCode": "84057-4149"
      },
      {
        "line": [
          "500 East Pottawatami Street"
        ],
        "city": "TECUMSEH",
        "state": "MI",
        "postalCode": "49286-2018"
      },
      {
        "line": [
          "1100 North 400 East"
        ],
        "city": "NEPHI",
        "state": "UT",
        "postalCode": "84648-2202"
      },
      {
        "line": [
          "1497 East Skyline Drive"
        ],
        "city": "Ogden",
        "state": "UT",
        "postalCode": "84405-4837"
      },
      {
        "line": [
          "1481 East 1450 South"
        ],
        "city": "CLEARFIELD",
        "state": "UT",
        "postalCode": "84015-1610"
      },
      {
        "line": [
          "444 North Main Street"
        ],
        "city": "Akron",
        "state": "OH",
        "postalCode": "44310-3110"
      },
      {
        "line": [
          "200 Medical Park Boulevard"
        ],
        "city": "Petersburg",
        "state": "VA",
        "postalCode": "23805-9274"
      },
      {
        "line": [
          "408 W. Main St"
        ],
        "city": "REXBURG",
        "state": "ID",
        "postalCode": "83440-1846"
      },
      {
        "line": [
          "2472 South 300 East"
        ],
        "city": "SALT LAKE CITY",
        "state": "UT",
        "postalCode": "84115-2895"
      },
      {
        "line": [
          "660 S 2nd W"
        ],
        "city": "REXBURG",
        "state": "ID",
        "postalCode": "83440-2300"
      },
      {
        "line": [
          "200 Memorial Ave"
        ],
        "city": "Westminster",
        "state": "MD",
        "postalCode": "21157-5799"
      },
      {
        "line": [
          "8260 Atlee Road"
        ],
        "city": "Mechanicsville",
        "state": "VA",
        "postalCode": "23116-1844"
      },
      {
        "line": [
          "1497 East Skyline Drive"
        ],
        "city": "OGDEN",
        "state": "UT",
        "postalCode": "84405-4837"
      },
      {
        "line": [
          "611 Clinic Rd"
        ],
        "city": "CHALLIS",
        "state": "ID",
        "postalCode": "83226-4824"
      },
      {
        "line": [
          "4171 Forest Pointe Circle"
        ],
        "city": "Avon",
        "state": "IN",
        "postalCode": "46123-6668"
      },
      {
        "line": [
          "3 Erie Court"
        ],
        "city": "OAK PARK",
        "state": "IL",
        "postalCode": "60302-2519"
      },
      {
        "line": [
          "1573Muller Parkway"
        ],
        "city": "GARDNERVILLE",
        "state": "NV",
        "postalCode": "89410-7918"
      },
      {
        "line": [
          "350 South 400 East"
        ],
        "city": "BOUNTIFUL",
        "state": "UT",
        "postalCode": "84010-4932"
      },
      {
        "line": [
          "900 Gagel Avenue"
        ],
        "city": "Louisville",
        "state": "KY",
        "postalCode": "40216-4012"
      },
      {
        "line": [
          "1550 Raydale Drive"
        ],
        "city": "LOUISVILLE",
        "state": "KY",
        "postalCode": "40219-5031"
      },
      {
        "line": [
          "818 Riverside Avenue"
        ],
        "city": "ADRIAN",
        "state": "MI",
        "postalCode": "49221-1446"
      },
      {
        "line": [
          "325 East Bay Drive"
        ],
        "city": "Long Beach",
        "state": "NY",
        "postalCode": "11561-4304"
      },
      {
        "line": [
          "5825 Harrison Boulevard"
        ],
        "city": "Ogden",
        "state": "UT",
        "postalCode": "84403-4316"
      },
      {
        "line": [
          "4320 Seminary Rd"
        ],
        "city": "Alexandria",
        "state": "VA",
        "postalCode": "22304-1535"
      },
      {
        "line": [
          "15225 Heathcote Boulevard"
        ],
        "city": "Haymarket",
        "state": "VA",
        "postalCode": "20169-6264"
      },
      {
        "line": [
          "200 East Market Street"
        ],
        "city": "Akron",
        "state": "OH",
        "postalCode": "44309-2122"
      },
      {
        "line": [
          "95 Black Dr"
        ],
        "city": "DOYLESTOWN",
        "state": "OH",
        "postalCode": "44230-1374"
      },
      {
        "line": [
          "2460 Glebe Street"
        ],
        "city": "CARMEL",
        "state": "IN",
        "postalCode": "46032-7155"
      },
      {
        "line": [
          "3834 South Emerson Ave",
          "Bldg C Suite 100"
        ],
        "city": "Indianapolis",
        "state": "IN",
        "postalCode": "46203-5902"
      },
      {
        "line": [
          "4171 Forest Point Circle"
        ],
        "city": "AVON",
        "state": "IN",
        "postalCode": "46123-6668"
      },
      {
        "line": [
          "1997 Healthway Drive"
        ],
        "city": "Avon",
        "state": "OH",
        "postalCode": "44011-2834"
      },
      {
        "line": [
          "50 Route 25A"
        ],
        "city": "SMITHTOWN",
        "state": "NY",
        "postalCode": "11787-1348"
      },
      {
        "line": [
          "2141 Sycamore Avenue"
        ],
        "city": "LOUISVILLE",
        "state": "KY",
        "postalCode": "40206-2013"
      },
      {
        "line": [
          "14751 Carey Road"
        ],
        "city": "CARMEL",
        "state": "IN",
        "postalCode": "46033-9084"
      },
      {
        "line": [
          "819 Rockside Road"
        ],
        "city": "SEVEN HILLS",
        "state": "OH",
        "postalCode": "44131-1778"
      },
      {
        "line": [
          "300 South Preston Street"
        ],
        "city": "Ranson",
        "state": "WV",
        "postalCode": "25438-1631"
      },
      {
        "line": [
          "575 East 1400 South"
        ],
        "city": "Orem",
        "state": "UT",
        "postalCode": "84097-7707"
      },
      {
        "line": [
          "1550 Raydale Drive"
        ],
        "city": "Louisville",
        "state": "KY",
        "postalCode": "40219-5031"
      },
      {
        "line": [
          "1575 Brainard Rd"
        ],
        "city": "LYNDHURST",
        "state": "OH",
        "postalCode": "44124-3096"
      },
      {
        "line": [
          "331 South Main Street"
        ],
        "city": "LAWRENCEBURG",
        "state": "KY",
        "postalCode": "40342-1215"
      },
      {
        "line": [
          "327 Beach 19th Street"
        ],
        "city": "FAR ROCKAWAY",
        "state": "NY",
        "postalCode": "11691-4423"
      },
      {
        "line": [
          "24440 Stone Springs Boulevard"
        ],
        "city": "Sterling",
        "state": "VA",
        "postalCode": "20166-2247"
      },
      {
        "line": [
          "564 West Main Street"
        ],
        "city": "LEHI",
        "state": "UT",
        "postalCode": "84043-2056"
      },
      {
        "line": [
          "6246 South Redwood Road"
        ],
        "city": "SALT LAKE CITY",
        "state": "UT",
        "postalCode": "84123-6600"
      },
      {
        "line": [
          "405 West Country Club Road"
        ],
        "city": "ROSWELL",
        "state": "NM",
        "postalCode": "88201-5209"
      },
      {
        "line": [
          "5700 Darrow Road Suite 106"
        ],
        "city": "HUDSON",
        "state": "OH",
        "postalCode": "44236-5026"
      },
      {
        "line": [
          "740 N 300 E"
        ],
        "city": "Orem",
        "state": "UT",
        "postalCode": "84057-4149"
      },
      {
        "line": [
          "616 Green House Way"
        ],
        "city": "Carmel",
        "state": "IN",
        "postalCode": "46032-3178"
      },
      {
        "line": [
          "499 Center Avenue"
        ],
        "city": "WARSAW",
        "state": "KY",
        "postalCode": "41095-9754"
      },
      {
        "line": [
          "295 Westfield Road"
        ],
        "city": "NOBLESVILLE",
        "state": "IN",
        "postalCode": "46060-1424"
      },
      {
        "line": [
          "6252 Mahoning Avenue"
        ],
        "city": "Austintown",
        "state": "OH",
        "postalCode": "44515-2003"
      },
      {
        "line": [
          "32800 Lorain Road"
        ],
        "city": "North Ridgeville",
        "state": "OH",
        "postalCode": "44039-3430"
      },
      {
        "line": [
          "4401 Union Street"
        ],
        "city": "Johnstown",
        "state": "CO",
        "postalCode": "80534-2800"
      },
      {
        "line": [
          "163 E 1000 N"
        ],
        "city": "RICHFIELD",
        "state": "UT",
        "postalCode": "84701-1880"
      },
      {
        "line": [
          "50 Route 25A"
        ],
        "city": "Smithtown",
        "state": "NY",
        "postalCode": "11787-1348"
      },
      {
        "line": [
          "476 South Main"
        ],
        "city": "Andover",
        "state": "OH",
        "postalCode": "44003-9602"
      },
      {
        "line": [
          "2026 East 54th Street"
        ],
        "city": "Indianapolis",
        "state": "IN",
        "postalCode": "46220-3432"
      },
      {
        "line": [
          "10201 Valley Farms Boulevard"
        ],
        "city": "Louisville",
        "state": "KY",
        "postalCode": "40272-3284"
      },
      {
        "line": [
          "435 West Center Street"
        ],
        "city": "Orem",
        "state": "UT",
        "postalCode": "84057-5336"
      },
      {
        "line": [
          "8405 Clearvista Place"
        ],
        "city": "INDIANAPOLIS",
        "state": "IN",
        "postalCode": "46256-3737"
      },
      {
        "line": [
          "200 Bell Terre Road"
        ],
        "city": "PORT JEFFERSON",
        "state": "NY",
        "postalCode": "11777-1928"
      },
      {
        "line": [
          "1874 Beltline Road Southwest"
        ],
        "city": "Decatur",
        "state": "AL",
        "postalCode": "35601-5514"
      },
      {
        "line": [
          "6246S Redwood Drive"
        ],
        "city": "Salt Lake City",
        "state": "UT",
        "postalCode": "84123-6600"
      },
      {
        "line": [
          "3518 South Shelby Street"
        ],
        "city": "Indianapolis",
        "state": "IN",
        "postalCode": "46227-3226"
      },
      {
        "line": [
          "2116 Buechel Road"
        ],
        "city": "Louisville",
        "state": "KY",
        "postalCode": "40218-3587"
      },
      {
        "line": [
          "50 NY 25A"
        ],
        "city": "SMITHTOWN",
        "state": "NY",
        "postalCode": "11787-1348"
      },
      {
        "line": [
          "525 East Thompson Road"
        ],
        "city": "INDIANAPOLIS",
        "state": "IN",
        "postalCode": "46227-1626"
      },
      {
        "line": [
          "1850 Town Center Parkway"
        ],
        "city": "RESTON",
        "state": "VA",
        "postalCode": "20190-3219"
      },
      {
        "line": [
          "9260 Stonestreet Road"
        ],
        "city": "LOUISVILLE",
        "state": "KY",
        "postalCode": "40272-2874"
      },
      {
        "line": [
          "27100 Chardon Road"
        ],
        "city": "Cleveland",
        "state": "OH",
        "postalCode": "44143-1116"
      },
      {
        "line": [
          "158 West Main Road"
        ],
        "city": "Conneaut",
        "state": "OH",
        "postalCode": "44030-2039"
      },
      {
        "line": [
          "2335 North Madison Avenue"
        ],
        "city": "ANDERSON",
        "state": "IN",
        "postalCode": "46011-9591"
      },
      {
        "line": [
          "380 Woods Cove Road"
        ],
        "city": "Scottsboro",
        "state": "AL",
        "postalCode": "35768-2428"
      },
      {
        "line": [
          "1250 South Washington Street"
        ],
        "city": "Van Wert",
        "state": "OH",
        "postalCode": "45891-2551"
      },
      {
        "line": [
          "3834 South Emerson Ave",
          "Building C Suite 100"
        ],
        "city": "Indianapolis",
        "state": "IN",
        "postalCode": "46203-5902"
      },
      {
        "line": [
          "1600 Medical Parkway"
        ],
        "city": "Carson City",
        "state": "NV",
        "postalCode": "89703-4625"
      },
      {
        "line": [
          "11100 Euclid Avenue"
        ],
        "city": "CLEVELAND",
        "state": "OH",
        "postalCode": "44106-1714"
      },
      {
        "line": [
          "1285 West Jefferson Street"
        ],
        "city": "Franklin",
        "state": "IN",
        "postalCode": "46131-9048"
      },
      {
        "line": [
          "3999 Richmand Road"
        ],
        "city": "BEACHWOOD",
        "state": "OH",
        "postalCode": "44122-6046"
      },
      {
        "line": [
          "1118 West Cross Street"
        ],
        "city": "Anderson",
        "state": "IN",
        "postalCode": "46011-9530"
      },
      {
        "line": [
          "201 Koontz Lane"
        ],
        "city": "CARSON CITY",
        "state": "NV",
        "postalCode": "89701-5513"
      },
      {
        "line": [
          "524 Anderson Road"
        ],
        "city": "Chesterfield",
        "state": "IN",
        "postalCode": "46017-1514"
      },
      {
        "line": [
          "2026 East 54th St"
        ],
        "city": "Indianapolis",
        "state": "IN",
        "postalCode": "46220-3432"
      },
      {
        "line": [
          "828 Lane Allen Rd",
          "Suite 219"
        ],
        "city": "LEXINGTON",
        "state": "KY",
        "postalCode": "40504-3659"
      },
      {
        "line": [
          "1201 7th Street Southeast"
        ],
        "city": "Decatur",
        "state": "AL",
        "postalCode": "35601-4023"
      },
      {
        "line": [
          "4782 South Holladay Boulevard"
        ],
        "city": "Salt Lake City",
        "state": "UT",
        "postalCode": "84117-5444"
      },
      {
        "line": [
          "750 West 800 North"
        ],
        "city": "OREM",
        "state": "UT",
        "postalCode": "84057-3660"
      },
      {
        "line": [
          "1001 Mountain Street"
        ],
        "city": "CARSON CITY",
        "state": "NV",
        "postalCode": "89703-3848"
      },
      {
        "line": [
          "7476 West Lane Road"
        ],
        "city": "MCCORDSVILLE",
        "state": "IN",
        "postalCode": "46055-9506"
      },
      {
        "line": [
          "630 East River Street"
        ],
        "city": "ELYRIA",
        "state": "OH",
        "postalCode": "44035-5902"
      },
      {
        "line": [
          "4035 South 500 East"
        ],
        "city": "Salt Lake City",
        "state": "UT",
        "postalCode": "84107-1866"
      },
      {
        "line": [
          "1200 East 3900 South"
        ],
        "city": "SALT LAKE CITY",
        "state": "UT",
        "postalCode": "84124-1300"
      },
      {
        "line": [
          "7525 Rosegate Drive"
        ],
        "city": "Indianapolis",
        "state": "IN",
        "postalCode": "46237-8353"
      },
      {
        "line": [
          "2424 Birdie Thompson Dr"
        ],
        "city": "POCATELLO",
        "state": "ID",
        "postalCode": "83201-2781"
      },
      {
        "line": [
          "10101 Double R Boulevard"
        ],
        "city": "Reno",
        "state": "NV",
        "postalCode": "89521-5931"
      },
      {
        "line": [
          "451E Bishop Federal Lane"
        ],
        "city": "Salt Lake City",
        "state": "UT",
        "postalCode": "84115-2357"
      },
      {
        "line": [
          "50 Shepard Lane"
        ],
        "city": "BEDFORD",
        "state": "KY",
        "postalCode": "40006-7845"
      },
      {
        "line": [
          "24440 Stone Springs Boulevard"
        ],
        "city": "STERLING",
        "state": "VA",
        "postalCode": "20166-2247"
      },
      {
        "line": [
          "5648 South Adams Avenue Parkway"
        ],
        "city": "Ogden",
        "state": "UT",
        "postalCode": "84405-7230"
      },
      {
        "line": [
          "100 Hospital Road"
        ],
        "city": "Prince Frederick",
        "state": "MD",
        "postalCode": "20678-7649"
      },
      {
        "line": [
          "870 West Main Street"
        ],
        "city": "Geneva",
        "state": "OH",
        "postalCode": "44041-1219"
      },
      {
        "line": [
          "1912 AL Highway 157"
        ],
        "city": "CULLMAN",
        "state": "AL",
        "postalCode": "35058-0609"
      },
      {
        "line": [
          "29 North Adams Street"
        ],
        "city": "Akron",
        "state": "OH",
        "postalCode": "44309-1641"
      },
      {
        "line": [
          "1105 Dorsey Lane"
        ],
        "city": "Louisville",
        "state": "KY",
        "postalCode": "40223-2614"
      },
      {
        "line": [
          "1745 E 67th St"
        ],
        "city": "ANDERSON",
        "state": "IN",
        "postalCode": "46013-9202"
      },
      {
        "line": [
          "407 W. 1st N."
        ],
        "city": "REXBURG",
        "state": "ID",
        "postalCode": "83440-1845"
      },
      {
        "line": [
          "8819 Commons Boulevard"
        ],
        "city": "Twinsburg",
        "state": "OH",
        "postalCode": "44087-2177"
      },
      {
        "line": [
          "200 Memorial Ave"
        ],
        "city": "WESTMINSTER",
        "state": "MD",
        "postalCode": "21157-5799"
      },
      {
        "line": [
          "1033 W Quinn Rd"
        ],
        "city": "POCATELLO",
        "state": "ID",
        "postalCode": "83202-2425"
      },
      {
        "line": [
          "5825 Harrison Boulevard"
        ],
        "city": "OGDEN",
        "state": "UT",
        "postalCode": "84403-4316"
      },
      {
        "line": [
          "3518 Shelby Street"
        ],
        "city": "INDIANAPOLIS",
        "state": "IN",
        "postalCode": "46227-3226"
      },
      {
        "line": [
          "1000 1st Street North"
        ],
        "city": "ALABASTER",
        "state": "AL",
        "postalCode": "35007-8703"
      },
      {
        "line": [
          "7300 Woodspoint Drive"
        ],
        "city": "Florence",
        "state": "KY",
        "postalCode": "41042-1543"
      },
      {
        "line": [
          "8616 West 10th Street"
        ],
        "city": "Indianapolis",
        "state": "IN",
        "postalCode": "46234-2167"
      },
      {
        "line": [
          "2 Bernardine Drive"
        ],
        "city": "Newport News",
        "state": "VA",
        "postalCode": "23602-4404"
      },
      {
        "line": [
          "525 East Thompson Road"
        ],
        "city": "Indianapolis",
        "state": "IN",
        "postalCode": "46227-1626"
      },
      {
        "line": [
          "1300 South Jackson Street"
        ],
        "city": "FRANKFORT",
        "state": "IN",
        "postalCode": "46041-3313"
      },
      {
        "line": [
          "8240 Leesburg Pike"
        ],
        "city": "VIENNA",
        "state": "VA",
        "postalCode": "22182-2612"
      },
      {
        "line": [
          "150 Kingsley Lane"
        ],
        "city": "Norfolk",
        "state": "VA",
        "postalCode": "23505-4602"
      },
      {
        "line": [
          "1000 1st Street North"
        ],
        "city": "Alabaster",
        "state": "AL",
        "postalCode": "35007-8703"
      },
      {
        "line": [
          "701 Princeton Avenue SW"
        ],
        "city": "Birmingham",
        "state": "AL",
        "postalCode": "35211-1303"
      },
      {
        "line": [
          "405 West Country Club Road"
        ],
        "city": "Roswell",
        "state": "NM",
        "postalCode": "88201-5209"
      },
      {
        "line": [
          "5255 Loughboro Road North West"
        ],
        "city": "WASHINGTON",
        "state": "DC",
        "postalCode": "20016-2633"
      },
      {
        "line": [
          "7600 Carroll Avenue",
          "Unit 5200"
        ],
        "city": "TAKOMA PARK",
        "state": "MD",
        "postalCode": "20912-6367"
      },
      {
        "line": [
          "5901 East Royalton Road"
        ],
        "city": "Broadview Heights",
        "state": "OH",
        "postalCode": "44147-3532"
      },
      {
        "line": [
          "1481 E 1450 S"
        ],
        "city": "CLEARFIELD",
        "state": "UT",
        "postalCode": "84015-1610"
      },
      {
        "line": [
          "5505 S 900 East St. #240"
        ],
        "city": "SALT LAKE CITY",
        "state": "UT",
        "postalCode": "84117-7210"
      },
      {
        "line": [
          "1224 8th St"
        ],
        "city": "RUPERT",
        "state": "ID",
        "postalCode": "83350-1527"
      },
      {
        "line": [
          "870 West Main Street"
        ],
        "city": "GENEVA",
        "state": "OH",
        "postalCode": "44041-1219"
      },
      {
        "line": [
          "667 Eastland Avenue Southeast"
        ],
        "city": "Warren",
        "state": "OH",
        "postalCode": "44484-4503"
      },
      {
        "line": [
          "1912 AL Highway 157"
        ],
        "city": "Cullman",
        "state": "AL",
        "postalCode": "35058-0609"
      },
      {
        "line": [
          "775 Fleischmann Way"
        ],
        "city": "CARSON CITY",
        "state": "NV",
        "postalCode": "89703-2995"
      },
      {
        "line": [
          "1500 North 28th Street"
        ],
        "city": "Richmond",
        "state": "VA",
        "postalCode": "23223-5332"
      },
      {
        "line": [
          "4320 Seminary Rd"
        ],
        "city": "ALEXANDRIA",
        "state": "VA",
        "postalCode": "22304-1535"
      },
      {
        "line": [
          "416 W. Main"
        ],
        "city": "REXBURG",
        "state": "ID",
        "postalCode": "83440-1846"
      },
      {
        "line": [
          "4171 Forest Pointe Circle"
        ],
        "city": "AVON",
        "state": "IN",
        "postalCode": "46123-6668"
      },
      {
        "line": [
          "6731 Industrial Parkway"
        ],
        "city": "HUDSON",
        "state": "OH",
        "postalCode": "44236-1162"
      },
      {
        "line": [
          "4600 Highland Dr"
        ],
        "city": "SALT LAKE CITY",
        "state": "UT",
        "postalCode": "84117-5108"
      },
      {
        "line": [
          "936 Barret Avenue"
        ],
        "city": "LOUISVILLE",
        "state": "KY",
        "postalCode": "40204-2049"
      },
      {
        "line": [
          "13700 English Villa Drive"
        ],
        "city": "Louisville",
        "state": "KY",
        "postalCode": "40245-3938"
      },
      {
        "line": [
          "1001 North 500 West"
        ],
        "city": "Provo",
        "state": "UT",
        "postalCode": "84604-3305"
      },
      {
        "line": [
          "7525 Rosegate Drive"
        ],
        "city": "INDIANAPOLIS",
        "state": "IN",
        "postalCode": "46237-8353"
      },
      {
        "line": [
          "510 Roosevelt St"
        ],
        "city": "AMERICAN FALLS",
        "state": "ID",
        "postalCode": "83211-1362"
      },
      {
        "line": [
          "13700 English Villa Drive"
        ],
        "city": "LOUISVILLE",
        "state": "KY",
        "postalCode": "40245-3938"
      },
      {
        "line": [
          "1600 Medical Parkway"
        ],
        "city": "Carson City",
        "state": "NV",
        "postalCode": "89703-4624"
      },
      {
        "line": [
          "7476 West Lane Road"
        ],
        "city": "McCordsville",
        "state": "IN",
        "postalCode": "46055-9506"
      },
      {
        "line": [
          "410 W 1st N"
        ],
        "city": "REXBURG",
        "state": "ID",
        "postalCode": "83440-1406"
      },
      {
        "line": [
          "2116 Buechel Bank Rd"
        ],
        "city": "LOUISVILLE",
        "state": "KY",
        "postalCode": "40218-3587"
      },
      {
        "line": [
          "1285 West East Jefferson Street"
        ],
        "city": "Franklin",
        "state": "IN",
        "postalCode": "46131-9048"
      },
      {
        "line": [
          "727 North Beers Street727 North Beers Street"
        ],
        "city": "HOLMDEL",
        "state": "NJ",
        "postalCode": "07733-1514"
      },
      {
        "line": [
          "1300 South Jackson Street"
        ],
        "city": "Frankfort",
        "state": "IN",
        "postalCode": "46041-3313"
      },
      {
        "line": [
          "1573 Muller Parkway"
        ],
        "city": "GARDNERVILLE",
        "state": "NV",
        "postalCode": "89410-7918"
      },
      {
        "line": [
          "310 Boxwood Run"
        ],
        "city": "MOUNT WASHINGTON",
        "state": "KY",
        "postalCode": "40047-7143"
      },
      {
        "line": [
          "1600 Medical Parkway"
        ],
        "city": "CARSON CITY",
        "state": "NV",
        "postalCode": "89703-4625"
      },
      {
        "line": [
          "3558 Ridgewood Rd"
        ],
        "city": "AKRON",
        "state": "OH",
        "postalCode": "44333-3122"
      }
    ],
    "extension": [
      {
        "url": "https://fhir.athena.io/StructureDefinition/ah-practice",
        "valueReference": {
          "reference": "Organization/a-1.Practice-18378"
        }
      },
      {
        "url": "https://fhir.athena.io/StructureDefinition/ah-brand",
        "valueReference": {
          "reference": "Organization/a-18378.Brand-1"
        }
      }
    ]
  },
  "fullUrl": "urn:uuid:0a93fc04-a34a-5093-bc74-2f55317f0a07"
}