{
  "resource": {
    "resourceType": "Organization",
    "id": "OR.GH--05Y1236B2VPM3ZYH2V0P",
    "meta": {
      "profile": [
        "http://hl7.org/fhir/us/core/StructureDefinition/us-core-organization"
      ]
    },
    "identifier": [
      {
        "system": "urn:oid:2.16.840.1.113883.3.3322",
        "value": "1.3.6.1.4.1.58005"
      },
      {
        "system": "http://hl7.org/fhir/sid/us-npi",
        "value": "000000000"
      }
    ],
    "active": true,
    "name": "Mary Bird Perkins Cancer Center",
    "telecom": [
      {
        "system": "phone",
        "value": "(225)765-6565"
      },
      {
        "system": "phone",
        "value": "(225)763-1540"
      },
      {
        "system": "phone",
        "value": "(225)767-1311"
      },
      {
        "system": "phone",
        "value": "(225)767-1311"
      },
      {
        "system": "phone",
        "value": "(225)927-1300"
      },
      {
        "system": "phone",
        "value": "(985)867-2293"
      },
      {
        "system": "phone",
        "value": "(988)898-2293"
      },
      {
        "system": "phone",
        "value": "(985)875-9090"
      },
      {
        "system": "phone",
        "value": "(985)875-9090"
      },
      {
        "system": "phone",
        "value": "(985)892-9090"
      },
      {
        "system": "phone",
        "value": "(985)892-9090"
      },
      {
        "system": "phone",
        "value": "()-"
      },
      {
        "system": "phone",
        "value": "(111)111-1111"
      },
      {
        "system": "phone",
        "value": "(985)892-9090"
      },
      {
        "system": "phone",
        "value": "(337)948-3011"
      },
      {
        "system": "phone",
        "value": "(337)942-1126"
      },
      {
        "system": "phone",
        "value": "(225)869-5512"
      },
      {
        "system": "phone",
        "value": "(225)473-7931"
      },
      {
        "system": "phone",
        "value": "(985)839-6706"
      },
      {
        "system": "phone",
        "value": "(318)239-4860"
      },
      {
        "system": "phone",
        "value": "(318)239-4860"
      },
      {
        "system": "phone",
        "value": "(318)239-4860"
      },
      {
        "system": "phone",
        "value": "(318)239-4860"
      },
      {
        "system": "phone",
        "value": "(318)239-4860"
      },
      {
        "system": "phone",
        "value": "()-"
      },
      {
        "system": "phone",
        "value": "(337)738-2527"
      },
      {
        "system": "phone",
        "value": "()-"
      },
      {
        "system": "phone",
        "value": "(318)253-8611"
      },
      {
        "system": "phone",
        "value": "()-"
      },
      {
        "system": "phone",
        "value": "()-"
      },
      {
        "system": "phone",
        "value": "()-"
      },
      {
        "system": "phone",
        "value": "()-"
      },
      {
        "system": "phone",
        "value": "(318)239-5360"
      },
      {
        "system": "phone",
        "value": "()-"
      },
      {
        "system": "phone",
        "value": "()-"
      },
      {
        "system": "phone",
        "value": "()-"
      },
      {
        "system": "phone",
        "value": "()-"
      },
      {
        "system": "phone",
        "value": "()-"
      },
      {
        "system": "phone",
        "value": "()-"
      },
      {
        "system": "phone",
        "value": "(337)474-6370"
      },
      {
        "system": "phone",
        "value": "(318)681-4500"
      },
      {
        "system": "phone",
        "value": "()-"
      },
      {
        "system": "phone",
        "value": "(318)865-8865"
      },
      {
        "system": "phone",
        "value": "()-"
      },
      {
        "system": "phone",
        "value": "(318)539-3527"
      },
      {
        "system": "phone",
        "value": "()-"
      },
      {
        "system": "phone",
        "value": "()-"
      },
      {
        "system": "phone",
        "value": "()-"
      },
      {
        "system": "phone",
        "value": "()-"
      },
      {
        "system": "phone",
        "value": "(318)649-6106"
      },
      {
        "system": "phone",
        "value": "()-"
      },
      {
        "system": "phone",
        "value": "(318)747-9500"
      },
      {
        "system": "phone",
        "value": "()-"
      },
      {
        "system": "phone",
        "value": "()-"
      },
      {
        "system": "phone",
        "value": "()-"
      },
      {
        "system": "phone",
        "value": "(318)797-9392"
      },
      {
        "system": "phone",
        "value": "()-"
      },
      {
        "system": "phone",
        "value": "(318)354-2044"
      },
      {
        "system": "phone",
        "value": "(555)867-5309"
      },
      {
        "system": "phone",
        "value": "(318)435-9411"
      },
      {
        "system": "phone",
        "value": "()-"
      },
      {
        "system": "phone",
        "value": "(318)396-0452"
      },
      {
        "system": "phone",
        "value": "()-"
      },
      {
        "system": "phone",
        "value": "()-"
      },
      {
        "system": "phone",
        "value": "()-"
      },
      {
        "system": "phone",
        "value": "(318)628-5086"
      },
      {
        "system": "phone",
        "value": "()-"
      },
      {
        "system": "phone",
        "value": "(318)769-5920"
      },
      {
        "system": "phone",
        "value": "()-"
      },
      {
        "system": "phone",
        "value": "(318)259-4435"
      },
      {
        "system": "phone",
        "value": "()-"
      },
      {
        "system": "phone",
        "value": "(318)966-7465"
      },
      {
        "system": "phone",
        "value": "(318)932-4404"
      },
      {
        "system": "phone",
        "value": "()-"
      },
      {
        "system": "phone",
        "value": "(318)357-1990"
      },
      {
        "system": "phone",
        "value": "()-"
      },
      {
        "system": "phone",
        "value": "()-"
      },
      {
        "system": "phone",
        "value": "()-"
      },
      {
        "system": "phone",
        "value": "()-"
      },
      {
        "system": "phone",
        "value": "(318)539-5980"
      },
      {
        "system": "phone",
        "value": "(318)966-8644"
      },
      {
        "system": "phone",
        "value": "()-"
      },
      {
        "system": "phone",
        "value": "()-"
      },
      {
        "system": "phone",
        "value": "()-"
      },
      {
        "system": "phone",
        "value": "()-"
      },
      {
        "system": "phone",
        "value": "()-"
      },
      {
        "system": "phone",
        "value": "(318)377-2321"
      },
      {
        "system": "phone",
        "value": "()-"
      },
      {
        "system": "phone",
        "value": "()-"
      },
      {
        "system": "phone",
        "value": "(318)214-4200"
      },
      {
        "system": "phone",
        "value": "(318)323-8847"
      },
      {
        "system": "phone",
        "value": "()-"
      },
      {
        "system": "phone",
        "value": "()-"
      },
      {
        "system": "phone",
        "value": "(318)254-2100"
      },
      {
        "system": "phone",
        "value": "()-"
      },
      {
        "system": "phone",
        "value": "(318)445-6736"
      },
      {
        "system": "phone",
        "value": "(225)647-5000"
      },
      {
        "system": "phone",
        "value": "(318)212-3200"
      },
      {
        "system": "phone",
        "value": "(318)289-4860"
      },
      {
        "system": "phone",
        "value": "()-"
      },
      {
        "system": "phone",
        "value": "(318)435-2225"
      },
      {
        "system": "phone",
        "value": "()-"
      },
      {
        "system": "phone",
        "value": "()-"
      },
      {
        "system": "phone",
        "value": "()-"
      },
      {
        "system": "phone",
        "value": "(318)769-3000"
      },
      {
        "system": "phone",
        "value": "()-"
      },
      {
        "system": "phone",
        "value": "()-"
      },
      {
        "system": "phone",
        "value": "()-"
      },
      {
        "system": "phone",
        "value": "(318)286-9066"
      },
      {
        "system": "phone",
        "value": "(318)728-4181"
      },
      {
        "system": "phone",
        "value": "()-"
      },
      {
        "system": "phone",
        "value": "(318)336-2225"
      },
      {
        "system": "phone",
        "value": "(318)256-5691"
      },
      {
        "system": "phone",
        "value": "()-"
      },
      {
        "system": "phone",
        "value": "()-"
      },
      {
        "system": "phone",
        "value": "(318)539-1000"
      },
      {
        "system": "phone",
        "value": "()-"
      },
      {
        "system": "phone",
        "value": "()-"
      },
      {
        "system": "phone",
        "value": "()-"
      },
      {
        "system": "phone",
        "value": "()-"
      },
      {
        "system": "phone",
        "value": "()-"
      },
      {
        "system": "phone",
        "value": "(318)410-1344"
      },
      {
        "system": "phone",
        "value": "()-"
      },
      {
        "system": "phone",
        "value": "()-"
      },
      {
        "system": "phone",
        "value": "()-"
      },
      {
        "system": "phone",
        "value": "()-"
      },
      {
        "system": "phone",
        "value": "()-"
      },
      {
        "system": "phone",
        "value": "(318)757-6551"
      },
      {
        "system": "phone",
        "value": "(318)369-9751"
      },
      {
        "system": "phone",
        "value": "()-"
      },
      {
        "system": "phone",
        "value": "(318)212-7003"
      },
      {
        "system": "phone",
        "value": "(318)212-8300"
      },
      {
        "system": "phone",
        "value": "(318)212-3000"
      },
      {
        "system": "phone",
        "value": "()-"
      },
      {
        "system": "phone",
        "value": "(318)212-5003"
      },
      {
        "system": "phone",
        "value": "()-"
      },
      {
        "system": "phone",
        "value": "()-"
      },
      {
        "system": "phone",
        "value": "()-"
      },
      {
        "system": "phone",
        "value": "(318)212-4000"
      },
      {
        "system": "phone",
        "value": "(318)259-2729"
      },
      {
        "system": "phone",
        "value": "(985)809-9888"
      },
      {
        "system": "phone",
        "value": "(985)892-9090"
      },
      {
        "system": "phone",
        "value": "(225)767-1311"
      },
      {
        "system": "phone",
        "value": "(225)215-0800"
      },
      {
        "system": "phone",
        "value": "(225)214-6750"
      },
      {
        "system": "phone",
        "value": "(337)942-1126"
      },
      {
        "system": "phone",
        "value": "(318)448-8132"
      },
      {
        "system": "phone",
        "value": "(318)495-4046"
      },
      {
        "system": "phone",
        "value": "(225)767-1311"
      },
      {
        "system": "phone",
        "value": "(225)767-0847"
      },
      {
        "system": "phone",
        "value": "(337)580-7500"
      },
      {
        "system": "phone",
        "value": "(504)702-4434"
      },
      {
        "system": "phone",
        "value": "(504)832-4200"
      },
      {
        "system": "phone",
        "value": "(504)830-2500"
      },
      {
        "system": "phone",
        "value": "(504)897-8880"
      },
      {
        "system": "phone",
        "value": "(504)897-7011"
      },
      {
        "system": "phone",
        "value": "(504)962-6344"
      },
      {
        "system": "phone",
        "value": "(985)839-4431"
      },
      {
        "system": "phone",
        "value": "(985)643-5476"
      },
      {
        "system": "phone",
        "value": "(225)658-4347"
      },
      {
        "system": "phone",
        "value": "(318)442-7500"
      },
      {
        "system": "phone",
        "value": "(601)249-5500"
      },
      {
        "system": "phone",
        "value": "()-"
      },
      {
        "system": "phone",
        "value": "()-"
      },
      {
        "system": "phone",
        "value": "(225)761-5200"
      },
      {
        "system": "phone",
        "value": "(318)239-4860"
      },
      {
        "system": "phone",
        "value": "(318)239-4860"
      },
      {
        "system": "phone",
        "value": "(225)761-5410"
      },
      {
        "system": "phone",
        "value": "(504)454-4855"
      },
      {
        "system": "phone",
        "value": "(225)215-1390"
      },
      {
        "system": "phone",
        "value": "(985)898-0589"
      },
      {
        "system": "phone",
        "value": "(504)584-6990"
      },
      {
        "system": "phone",
        "value": "(985)809-9888"
      }
    ],
    "address": [
      {
        "use": "work",
        "type": "postal",
        "line": [
          "5000 HENNESSY BLVD"
        ],
        "city": "Baton Rouge",
        "state": "LA",
        "postalCode": "70808-4375",
        "country": "USA"
      },
      {
        "use": "work",
        "type": "postal",
        "line": [
          "8585 Picardy Ave"
        ],
        "city": "Baton Rouge",
        "state": "LA",
        "postalCode": "70809-3748",
        "country": "USA"
      },
      {
        "use": "work",
        "type": "postal",
        "line": [
          "4950 Essen Lane",
          "Suite 500"
        ],
        "city": "Baton Rouge",
        "state": "LA",
        "postalCode": "70809",
        "country": "USA"
      },
      {
        "use": "work",
        "type": "postal",
        "line": [
          "Offsite Treatment Location"
        ],
        "city": "Baton Rouge",
        "state": "LA",
        "postalCode": "70809",
        "country": "USA"
      },
      {
        "use": "work",
        "type": "postal",
        "country": "USA"
      },
      {
        "use": "work",
        "type": "postal",
        "line": [
          "100 Woman’s Way"
        ],
        "city": "Baton Route",
        "state": "LA",
        "postalCode": "70817",
        "country": "USA"
      },
      {
        "use": "work",
        "type": "postal",
        "line": [
          "95 Judge Tanner Blvd."
        ],
        "city": "COVINGTON",
        "state": "LA",
        "postalCode": "70433",
        "country": "USA"
      },
      {
        "use": "work",
        "type": "postal",
        "line": [
          "1202 S. Tyler St."
        ],
        "city": "COVINGTON",
        "state": "LA",
        "postalCode": "70433",
        "country": "USA"
      },
      {
        "use": "work",
        "type": "postal",
        "line": [
          "1203 S. Tyler St."
        ],
        "city": "Covington",
        "state": "LA",
        "postalCode": "70433",
        "country": "USA"
      },
      {
        "use": "work",
        "type": "postal",
        "line": [
          "1203 S. Tyler St."
        ],
        "city": "Covington",
        "state": "LA",
        "postalCode": "70433",
        "country": "USA"
      },
      {
        "use": "work",
        "type": "postal",
        "line": [
          "1203 S. Tyler St."
        ],
        "city": "Covington",
        "state": "LA",
        "postalCode": "70433",
        "country": "USA"
      },
      {
        "use": "work",
        "type": "postal",
        "line": [
          "1203 S. Tyler St."
        ],
        "city": "Covington",
        "state": "LA",
        "postalCode": "70433",
        "country": "USA"
      },
      {
        "use": "work",
        "type": "postal",
        "country": "USA"
      },
      {
        "use": "work",
        "type": "postal",
        "country": "USA"
      },
      {
        "use": "work",
        "type": "postal",
        "line": [
          "1570 Lindberg Dr",
          "Suite 12"
        ],
        "city": "Slidell",
        "state": "LA",
        "postalCode": "70458",
        "country": "USA"
      },
      {
        "use": "work",
        "type": "postal",
        "line": [
          "1570 Lindberg Drive",
          "Suite 12"
        ],
        "city": "Slidell",
        "state": "LA",
        "postalCode": "70458",
        "country": "USA"
      },
      {
        "use": "work",
        "type": "postal",
        "line": [
          "539 East Prudhomme St."
        ],
        "city": "Opelousas",
        "state": "LA",
        "postalCode": "70570",
        "country": "USA"
      },
      {
        "use": "work",
        "type": "postal",
        "line": [
          "3983 I-49 South Service Rd",
          "Suite 101"
        ],
        "city": "Opelousas",
        "state": "LA",
        "postalCode": "70570",
        "country": "USA"
      },
      {
        "use": "work",
        "type": "postal",
        "line": [
          "1645 Lutcher Ave"
        ],
        "city": "Lutcher",
        "state": "LA",
        "postalCode": "70071",
        "country": "USA"
      },
      {
        "use": "work",
        "type": "postal",
        "line": [
          "301 Memorial Dr."
        ],
        "city": "Donaldsonville",
        "state": "LA",
        "postalCode": "70346",
        "country": "USA"
      },
      {
        "use": "work",
        "type": "postal",
        "country": "USA"
      },
      {
        "use": "work",
        "type": "postal",
        "line": [
          "3516 North Blvd"
        ],
        "city": "Alexandria",
        "state": "LA",
        "postalCode": "71301-3675",
        "country": "USA"
      },
      {
        "use": "work",
        "type": "postal",
        "line": [
          "165  Beech Springs Rd"
        ],
        "city": "Jonesboro",
        "state": "LA",
        "postalCode": "71251-2059",
        "country": "USA"
      },
      {
        "use": "work",
        "type": "postal",
        "line": [
          "10600 Industrial Drive"
        ],
        "city": "Minden",
        "state": "LA",
        "postalCode": "71055-5105",
        "country": "USA"
      },
      {
        "use": "work",
        "type": "postal",
        "line": [
          "4278 University Parkway",
          "Suite 4"
        ],
        "city": "Natchitoches",
        "state": "LA",
        "postalCode": "71457-1904",
        "country": "USA"
      },
      {
        "use": "work",
        "type": "postal",
        "line": [
          "2106 Loop Rd",
          "Building B"
        ],
        "city": "Winnsboro",
        "state": "LA",
        "postalCode": "71295-3343",
        "country": "USA"
      },
      {
        "use": "work",
        "type": "postal",
        "country": "USA"
      },
      {
        "use": "work",
        "type": "postal",
        "line": [
          "108 6TH AVENUE KINDER"
        ],
        "city": "Kinder",
        "state": "LA",
        "postalCode": "70648",
        "country": "USA"
      },
      {
        "use": "work",
        "type": "postal",
        "country": "USA"
      },
      {
        "use": "work",
        "type": "postal",
        "line": [
          "4231 LA-1192"
        ],
        "city": "Marksville",
        "state": "LA",
        "postalCode": "71351",
        "country": "USA"
      },
      {
        "use": "work",
        "type": "postal",
        "country": "USA"
      },
      {
        "use": "work",
        "type": "postal",
        "city": "Ringgold",
        "state": "LA",
        "postalCode": "71108",
        "country": "USA"
      },
      {
        "use": "work",
        "type": "postal",
        "country": "USA"
      },
      {
        "use": "work",
        "type": "postal",
        "country": "USA"
      },
      {
        "use": "work",
        "type": "postal",
        "line": [
          "1020 W FERTIITTA BLD"
        ],
        "city": "Leesville",
        "state": "LA",
        "postalCode": "71446",
        "country": "USA"
      },
      {
        "use": "work",
        "type": "postal",
        "country": "USA"
      },
      {
        "use": "work",
        "type": "postal",
        "country": "USA"
      },
      {
        "use": "work",
        "type": "postal",
        "country": "USA"
      },
      {
        "use": "work",
        "type": "postal",
        "country": "USA"
      },
      {
        "use": "work",
        "type": "postal",
        "country": "USA"
      },
      {
        "use": "work",
        "type": "postal",
        "country": "USA"
      },
      {
        "use": "work",
        "type": "postal",
        "line": [
          "4200 NELSON RD"
        ],
        "city": "Lake Charles",
        "state": "LA",
        "postalCode": "70605",
        "country": "USA"
      },
      {
        "use": "work",
        "type": "postal",
        "line": [
          "1453 East Bert Kouns"
        ],
        "city": "Shreveport",
        "state": "LA",
        "postalCode": "71105-6800",
        "country": "USA"
      },
      {
        "use": "work",
        "type": "postal",
        "country": "USA"
      },
      {
        "use": "work",
        "type": "postal",
        "line": [
          "425 ASHLEY RIDGE BLVD",
          "STE 246"
        ],
        "city": "SHREVEPORT",
        "state": "LA",
        "postalCode": "71106",
        "country": "USA"
      },
      {
        "use": "work",
        "type": "postal",
        "state": "AR",
        "country": "USA"
      },
      {
        "use": "work",
        "type": "postal",
        "line": [
          "215 1st St NE"
        ],
        "city": "Springhill",
        "state": "LA",
        "postalCode": "71075",
        "country": "USA"
      },
      {
        "use": "work",
        "type": "postal",
        "country": "USA"
      },
      {
        "use": "work",
        "type": "postal",
        "country": "USA"
      },
      {
        "use": "work",
        "type": "postal",
        "country": "USA"
      },
      {
        "use": "work",
        "type": "postal",
        "country": "USA"
      },
      {
        "use": "work",
        "type": "postal",
        "line": [
          "7939 HWY 165"
        ],
        "city": "COLUMBIA",
        "state": "LA",
        "postalCode": "71418",
        "country": "USA"
      },
      {
        "use": "work",
        "type": "postal",
        "country": "USA"
      },
      {
        "use": "work",
        "type": "postal",
        "line": [
          "4900 MEDICAL DR"
        ],
        "city": "BOSSIER CITY",
        "state": "LA",
        "postalCode": "711124521",
        "country": "USA"
      },
      {
        "use": "work",
        "type": "postal",
        "country": "USA"
      },
      {
        "use": "work",
        "type": "postal",
        "country": "USA"
      },
      {
        "use": "work",
        "type": "postal",
        "country": "USA"
      },
      {
        "use": "work",
        "type": "postal",
        "line": [
          "8654 BUSINESS PARK DR",
          "STE 200"
        ],
        "city": "SHREVEPORT",
        "state": "LA",
        "postalCode": "71105",
        "country": "USA"
      },
      {
        "use": "work",
        "type": "postal",
        "country": "USA"
      },
      {
        "use": "work",
        "type": "postal",
        "line": [
          "501 Keyser Ave."
        ],
        "city": "Natchitoches",
        "state": "LA",
        "postalCode": "714576018",
        "country": "USA"
      },
      {
        "use": "work",
        "type": "postal",
        "line": [
          "1313 Mockingbird Lane"
        ],
        "city": "Mockingbird Heights",
        "state": "CA",
        "postalCode": "90210",
        "country": "USA"
      },
      {
        "use": "work",
        "type": "postal",
        "line": [
          "2106 LOOP RD"
        ],
        "city": "WINNSBORO",
        "state": "LA",
        "postalCode": "71259",
        "country": "USA"
      },
      {
        "use": "work",
        "type": "postal",
        "country": "USA"
      },
      {
        "use": "work",
        "type": "postal",
        "line": [
          "1509 N 7th St."
        ],
        "city": "West Monroe",
        "state": "LA",
        "postalCode": "71291",
        "country": "USA"
      },
      {
        "use": "work",
        "type": "postal",
        "country": "USA"
      },
      {
        "use": "work",
        "type": "postal",
        "country": "USA"
      },
      {
        "use": "work",
        "type": "postal",
        "country": "USA"
      },
      {
        "use": "work",
        "type": "postal",
        "line": [
          "1193 N PINE RD"
        ],
        "city": "OLLA",
        "state": "LA",
        "postalCode": "71465",
        "country": "USA"
      },
      {
        "use": "work",
        "type": "postal",
        "city": "Homer",
        "state": "LA",
        "country": "USA"
      },
      {
        "use": "work",
        "type": "postal",
        "country": "USA"
      },
      {
        "use": "work",
        "type": "postal",
        "city": "Vidalia",
        "state": "LA",
        "country": "USA"
      },
      {
        "use": "work",
        "type": "postal",
        "line": [
          "165 BEECH ST"
        ],
        "city": "Jonesboro",
        "state": "LA",
        "postalCode": "71251-2013",
        "country": "USA"
      },
      {
        "use": "work",
        "type": "postal",
        "country": "USA"
      },
      {
        "use": "work",
        "type": "postal",
        "line": [
          "2600 Tower Dr"
        ],
        "city": "Monroe",
        "state": "LA",
        "postalCode": "71201",
        "country": "USA"
      },
      {
        "use": "work",
        "type": "postal",
        "line": [
          "622 RUSH ST"
        ],
        "city": "Coushatta",
        "state": "LA",
        "postalCode": "71019",
        "country": "USA"
      },
      {
        "use": "work",
        "type": "postal",
        "country": "USA"
      },
      {
        "use": "work",
        "type": "postal",
        "line": [
          "5770 HWY 1 BYPASS"
        ],
        "city": "Natchitoches",
        "state": "LA",
        "postalCode": "71457",
        "country": "USA"
      },
      {
        "use": "work",
        "type": "postal",
        "country": "USA"
      },
      {
        "use": "work",
        "type": "postal",
        "country": "USA"
      },
      {
        "use": "work",
        "type": "postal",
        "city": "Ashdown",
        "state": "AR",
        "postalCode": "71822",
        "country": "USA"
      },
      {
        "use": "work",
        "type": "postal",
        "country": "USA"
      },
      {
        "use": "work",
        "type": "postal",
        "line": [
          "1112 DOCTORS DRIVE"
        ],
        "city": "SPRINGHILL",
        "state": "LA",
        "postalCode": "71075",
        "country": "USA"
      },
      {
        "use": "work",
        "type": "postal",
        "line": [
          "409 MONROE"
        ],
        "city": "Monroe",
        "state": "LA",
        "postalCode": "71201",
        "country": "USA"
      },
      {
        "use": "work",
        "type": "postal",
        "city": "Shreveport",
        "state": "LA",
        "country": "USA"
      },
      {
        "use": "work",
        "type": "postal",
        "city": "Mangham",
        "state": "LA",
        "country": "USA"
      },
      {
        "use": "work",
        "type": "postal",
        "city": "Minden",
        "state": "LA",
        "country": "USA"
      },
      {
        "use": "work",
        "type": "postal",
        "city": "Jonesboro",
        "state": "LA",
        "country": "USA"
      },
      {
        "use": "work",
        "type": "postal",
        "line": [
          "54 SEARGENT PRENTISS"
        ],
        "city": "Natchez",
        "state": "MS",
        "postalCode": "39120",
        "country": "USA"
      },
      {
        "use": "work",
        "type": "postal",
        "line": [
          "1 Medical Plaza Pl"
        ],
        "city": "Minden",
        "state": "LA",
        "postalCode": "710553330",
        "country": "USA"
      },
      {
        "use": "work",
        "type": "postal",
        "country": "USA"
      },
      {
        "use": "work",
        "type": "postal",
        "city": "Bastrop",
        "state": "LA",
        "country": "USA"
      },
      {
        "use": "work",
        "type": "postal",
        "line": [
          "501 KEYSER AVE"
        ],
        "city": "NATCHITOCHES",
        "state": "LA",
        "postalCode": "714576018",
        "country": "USA"
      },
      {
        "use": "work",
        "type": "postal",
        "country": "USA"
      },
      {
        "use": "work",
        "type": "postal",
        "city": "Newellton",
        "state": "LA",
        "country": "USA"
      },
      {
        "use": "work",
        "type": "postal",
        "line": [
          "815 S. PINE ST"
        ],
        "city": "Vivian",
        "state": "LA",
        "postalCode": "710823314",
        "country": "USA"
      },
      {
        "use": "work",
        "type": "postal",
        "line": [
          "401 E Vaughn Ave"
        ],
        "city": "Ruston",
        "state": "LA",
        "postalCode": "71270",
        "country": "USA"
      },
      {
        "use": "work",
        "type": "postal",
        "line": [
          "1541 KINGS HWY"
        ],
        "city": "Shreveport",
        "state": "LA",
        "postalCode": "71103-4228",
        "country": "USA"
      },
      {
        "use": "work",
        "type": "postal",
        "line": [
          "5413 JACKSON STREET EXT"
        ],
        "city": "Alexandria",
        "state": "LA",
        "postalCode": "71303",
        "country": "USA"
      },
      {
        "use": "work",
        "type": "postal",
        "line": [
          "1125 Louisiana 30 W"
        ],
        "city": "Gonzales",
        "state": "LA",
        "postalCode": "70737",
        "country": "USA"
      },
      {
        "use": "work",
        "type": "postal",
        "line": [
          "8001 YOUREE DR # 8"
        ],
        "city": "Shreveport",
        "state": "LA",
        "postalCode": "71115-2302",
        "country": "USA"
      },
      {
        "use": "work",
        "type": "postal",
        "line": [
          "211 MEDICAL DR"
        ],
        "city": "Natchitoches",
        "state": "LA",
        "postalCode": "71457",
        "country": "USA"
      },
      {
        "use": "work",
        "type": "postal",
        "city": "Bossier City",
        "state": "LA",
        "country": "USA"
      },
      {
        "use": "work",
        "type": "postal",
        "city": "Winnsboro",
        "state": "LA",
        "country": "USA"
      },
      {
        "use": "work",
        "type": "postal",
        "city": "Homer",
        "state": "LA",
        "country": "USA"
      },
      {
        "use": "work",
        "type": "postal",
        "country": "USA"
      },
      {
        "use": "work",
        "type": "postal",
        "country": "USA"
      },
      {
        "use": "work",
        "type": "postal",
        "line": [
          "211 4th St"
        ],
        "city": "Alexandria",
        "state": "LA",
        "postalCode": "71301",
        "country": "USA"
      },
      {
        "use": "work",
        "type": "postal",
        "country": "USA"
      },
      {
        "use": "work",
        "type": "postal",
        "country": "USA"
      },
      {
        "use": "work",
        "type": "postal",
        "country": "USA"
      },
      {
        "use": "work",
        "type": "postal",
        "line": [
          "409 1ST ST"
        ],
        "city": "Bernice",
        "state": "LA",
        "postalCode": "71222",
        "country": "USA"
      },
      {
        "use": "work",
        "type": "postal",
        "line": [
          "254 LA- 3048"
        ],
        "city": "Rayville",
        "state": "LA",
        "postalCode": "71269",
        "country": "USA"
      },
      {
        "use": "work",
        "type": "postal",
        "country": "USA"
      },
      {
        "use": "work",
        "type": "postal",
        "line": [
          "107 FRONT STREET"
        ],
        "city": "Vidalia",
        "state": "LA",
        "postalCode": "71373",
        "country": "USA"
      },
      {
        "use": "work",
        "type": "postal",
        "line": [
          "240 HIGHLAND DR"
        ],
        "city": "Many",
        "state": "LA",
        "postalCode": "71449",
        "country": "USA"
      },
      {
        "use": "work",
        "type": "postal",
        "line": [
          "801 Poinciana Ave"
        ],
        "city": "Mamou",
        "state": "LA",
        "postalCode": "70554",
        "country": "USA"
      },
      {
        "use": "work",
        "type": "postal",
        "city": "Shreveport",
        "state": "LA",
        "country": "USA"
      },
      {
        "use": "work",
        "type": "postal",
        "line": [
          "2001 DOCTORS DR"
        ],
        "city": "Springhill",
        "state": "LA",
        "postalCode": "71075-4526",
        "country": "USA"
      },
      {
        "use": "work",
        "type": "postal",
        "city": "Shreveport",
        "state": "LA",
        "country": "USA"
      },
      {
        "use": "work",
        "type": "postal",
        "country": "USA"
      },
      {
        "use": "work",
        "type": "postal",
        "city": "Monroe",
        "state": "LA",
        "country": "USA"
      },
      {
        "use": "work",
        "type": "postal",
        "country": "USA"
      },
      {
        "use": "work",
        "type": "postal",
        "country": "USA"
      },
      {
        "use": "work",
        "type": "postal",
        "line": [
          "1913 Stubbs Avenue"
        ],
        "city": "Monroe",
        "state": "LA",
        "postalCode": "71201",
        "country": "USA"
      },
      {
        "use": "work",
        "type": "postal",
        "city": "Stonewall",
        "state": "LA",
        "country": "USA"
      },
      {
        "use": "work",
        "type": "postal",
        "city": "Winnsboro",
        "state": "LA",
        "postalCode": "71295",
        "country": "USA"
      },
      {
        "use": "work",
        "type": "postal",
        "country": "USA"
      },
      {
        "use": "work",
        "type": "postal",
        "country": "USA"
      },
      {
        "use": "work",
        "type": "postal",
        "country": "USA"
      },
      {
        "use": "work",
        "type": "postal",
        "line": [
          "1700 EE WALLACE BLVD"
        ],
        "city": "Ferriday",
        "state": "LA",
        "postalCode": "71334-2239",
        "country": "USA"
      },
      {
        "use": "work",
        "type": "postal",
        "line": [
          "901 JAMES AVE"
        ],
        "city": "FARMERVILLE",
        "postalCode": "71241",
        "country": "USA"
      },
      {
        "use": "work",
        "type": "postal",
        "country": "USA"
      },
      {
        "use": "work",
        "type": "postal",
        "line": [
          "2400 HOSPITAL DR"
        ],
        "city": "Bossier City",
        "state": "LA",
        "postalCode": "711112385",
        "country": "USA"
      },
      {
        "use": "work",
        "type": "postal",
        "line": [
          "2600 Kings Hwy"
        ],
        "city": "Shreveport",
        "state": "LA",
        "postalCode": "71103",
        "country": "USA"
      },
      {
        "use": "work",
        "type": "postal",
        "line": [
          "8001 YOUREE DR"
        ],
        "city": "SHREVEPORT",
        "state": "LA",
        "postalCode": "711152302",
        "country": "USA"
      },
      {
        "use": "work",
        "type": "postal",
        "city": "Shreveport",
        "state": "LA",
        "country": "USA"
      },
      {
        "use": "work",
        "type": "postal",
        "line": [
          "2510 Bert Kouns Industrial Loop"
        ],
        "city": "Shreveport",
        "state": "LA",
        "postalCode": "711183119",
        "country": "USA"
      },
      {
        "use": "work",
        "type": "postal",
        "city": "Winnfield",
        "state": "LA",
        "country": "USA"
      },
      {
        "use": "work",
        "type": "postal",
        "country": "USA"
      },
      {
        "use": "work",
        "type": "postal",
        "city": "Bossier City",
        "state": "LA",
        "country": "USA"
      },
      {
        "use": "work",
        "type": "postal",
        "line": [
          "2600 GREENWOOD RD"
        ],
        "city": "Shreveport",
        "state": "LA",
        "postalCode": "711033098",
        "country": "USA"
      },
      {
        "use": "work",
        "type": "postal",
        "line": [
          "171 Thrasher Dr."
        ],
        "city": "Jonesboro",
        "state": "LA",
        "postalCode": "71251-4125",
        "country": "USA"
      },
      {
        "use": "work",
        "type": "postal",
        "country": "USA"
      },
      {
        "use": "work",
        "type": "postal",
        "line": [
          "67252 Industry Ln"
        ],
        "city": "Covington",
        "state": "LA",
        "postalCode": "70433",
        "country": "USA"
      },
      {
        "use": "work",
        "type": "postal",
        "country": "USA"
      },
      {
        "use": "work",
        "type": "postal",
        "country": "USA"
      },
      {
        "use": "work",
        "type": "postal",
        "country": "USA"
      },
      {
        "use": "work",
        "type": "postal",
        "line": [
          "1203 S. Tyler St"
        ],
        "city": "Covington",
        "state": "LA",
        "postalCode": "70433",
        "country": "USA"
      },
      {
        "use": "work",
        "type": "postal",
        "line": [
          "1104 West Highway 30"
        ],
        "city": "Gonzales",
        "state": "LA",
        "postalCode": "70737",
        "country": "USA"
      },
      {
        "use": "work",
        "type": "postal",
        "line": [
          "8585 Picardy Ave",
          "Suite 410"
        ],
        "city": "Baton Rouge",
        "state": "LA",
        "postalCode": "70809",
        "country": "USA"
      },
      {
        "use": "work",
        "type": "postal",
        "line": [
          "500 Rue de la Vie"
        ],
        "city": "Baton Rouge",
        "state": "LA",
        "postalCode": "70817",
        "country": "USA"
      },
      {
        "use": "work",
        "type": "postal",
        "line": [
          "3983 I-49 South Service Rd"
        ],
        "city": "Opelousas",
        "state": "LA",
        "postalCode": "70570",
        "country": "USA"
      },
      {
        "use": "work",
        "type": "postal",
        "country": "USA"
      },
      {
        "use": "work",
        "type": "postal",
        "country": "USA"
      },
      {
        "use": "work",
        "type": "postal",
        "line": [
          "1102 North Pine Road"
        ],
        "city": "OLLA",
        "state": "LA",
        "postalCode": "71465",
        "country": "USA"
      },
      {
        "use": "work",
        "type": "postal",
        "line": [
          "4950 Essen Lane"
        ],
        "city": "Baton Rouge",
        "state": "LA",
        "postalCode": "70809",
        "country": "USA"
      },
      {
        "use": "work",
        "type": "postal",
        "line": [
          "4950 Essen Lane"
        ],
        "city": "Baton Rouge",
        "state": "LA",
        "postalCode": "70809",
        "country": "USA"
      },
      {
        "use": "work",
        "type": "postal",
        "country": "USA"
      },
      {
        "use": "work",
        "type": "postal",
        "line": [
          "3501 HWY 190"
        ],
        "city": "Unice",
        "state": "LA",
        "postalCode": "70535",
        "country": "USA"
      },
      {
        "use": "work",
        "type": "postal",
        "line": [
          "2000 Canal St"
        ],
        "city": "New Orleans",
        "state": "LA",
        "postalCode": "70112",
        "country": "USA"
      },
      {
        "use": "work",
        "type": "postal",
        "line": [
          "2525 Severn AVE"
        ],
        "city": "Metairie",
        "state": "LA",
        "postalCode": "70002",
        "country": "USA"
      },
      {
        "use": "work",
        "type": "postal",
        "line": [
          "3017 Galleria Drive"
        ],
        "city": "Metairie",
        "state": "LA",
        "postalCode": "70001",
        "country": "USA"
      },
      {
        "use": "work",
        "type": "postal",
        "line": [
          "1401 Foucher St"
        ],
        "city": "New Orleans",
        "state": "LA",
        "postalCode": "70115",
        "country": "USA"
      },
      {
        "use": "work",
        "type": "postal",
        "line": [
          "1401 FOUCHER ST"
        ],
        "city": "New Orleans",
        "state": "LA",
        "postalCode": "70115",
        "country": "USA"
      },
      {
        "use": "work",
        "type": "postal",
        "country": "USA"
      },
      {
        "use": "work",
        "type": "postal",
        "country": "USA"
      },
      {
        "use": "work",
        "type": "postal",
        "line": [
          "314 S Derbigny St"
        ],
        "city": "New Orleans",
        "state": "LA",
        "postalCode": "70112",
        "country": "USA"
      },
      {
        "use": "work",
        "type": "postal",
        "line": [
          "1900 Main St"
        ],
        "city": "Franklinton",
        "state": "LA",
        "postalCode": "70438",
        "country": "USA"
      },
      {
        "use": "work",
        "type": "postal",
        "line": [
          "Hwy 21"
        ],
        "city": "Covington",
        "state": "la",
        "postalCode": "70433",
        "country": "USA"
      },
      {
        "use": "work",
        "type": "postal",
        "line": [
          "6300 Main St"
        ],
        "city": "Zachary",
        "state": "LA",
        "postalCode": "70791",
        "country": "USA"
      },
      {
        "use": "work",
        "type": "postal",
        "line": [
          "3704 North Blvd"
        ],
        "city": "Alexandria",
        "state": "LA",
        "postalCode": "71301",
        "country": "USA"
      },
      {
        "use": "work",
        "type": "postal",
        "line": [
          "215 Marion Ave"
        ],
        "city": "McComb",
        "state": "MS",
        "postalCode": "39648",
        "country": "USA"
      },
      {
        "use": "work",
        "type": "postal",
        "line": [
          "178 MS-24"
        ],
        "city": "Centreville",
        "state": "MS",
        "postalCode": "39631",
        "country": "USA"
      },
      {
        "use": "work",
        "type": "postal",
        "country": "USA"
      },
      {
        "use": "work",
        "type": "postal",
        "line": [
          "10310 The Grove BLVD"
        ],
        "city": "Baton Rouge",
        "state": "LA",
        "postalCode": "70836",
        "country": "USA"
      },
      {
        "use": "work",
        "type": "postal",
        "line": [
          "850 Olive Street",
          "Ste A"
        ],
        "city": "Shreveport",
        "state": "LA",
        "postalCode": "71104",
        "country": "USA"
      },
      {
        "use": "work",
        "type": "postal",
        "line": [
          "740 Jordan St."
        ],
        "city": "Shreveport",
        "state": "LA",
        "postalCode": "71101",
        "country": "USA"
      },
      {
        "use": "work",
        "type": "postal",
        "line": [
          "10310 The Grove Blvd."
        ],
        "city": "Baton Rouge",
        "state": "LA",
        "postalCode": "70836-6455",
        "country": "USA"
      },
      {
        "use": "work",
        "type": "postal",
        "line": [
          "4200 Houma BLVD"
        ],
        "city": "Metairie",
        "state": "LA",
        "postalCode": "70006",
        "country": "USA"
      },
      {
        "use": "work",
        "type": "postal",
        "line": [
          "6330 Mourning Dove Drive"
        ],
        "city": "Baton Rouge",
        "state": "LA",
        "postalCode": "70817-1155",
        "country": "USA"
      },
      {
        "use": "work",
        "type": "postal",
        "line": [
          "110 Lakeview Circle",
          "Suite 200"
        ],
        "city": "Covington",
        "state": "LA",
        "postalCode": "70433",
        "country": "USA"
      },
      {
        "use": "work",
        "type": "postal",
        "line": [
          "2800 Veterans Memorial Blvd.",
          "Suite 140"
        ],
        "city": "Metairie",
        "state": "LA",
        "postalCode": "70002",
        "country": "USA"
      },
      {
        "use": "work",
        "type": "postal",
        "line": [
          "67252 Industry Lane"
        ],
        "city": "Covington",
        "state": "LA",
        "postalCode": "70433",
        "country": "USA"
      }
    ],
    "endpoint": [
      {
        "reference": "Endpoint/EP.All",
        "type": "Endpoint"
      }
    ]
  },
  "fullUrl": "https://fhir.prod.flatiron.io/fhir/Organization/OR.GH--05Y1236B2VPM3ZYH2V0P"
}